老磊,面傈规侥,00矫,01矫,02矫,03矫,04矫,05矫,06矫,07矫,08矫,09矫,10矫,11矫,12矫,13矫,14矫,15矫,16矫,17矫,18矫,19矫,20矫,21矫,22矫,23矫
2025-01-01,肯加,6281.8473,5816.5116,5038.1362,4108.3972,3234.6062,2441.8466,1878.1947,1545.8045,1347.0958,1450.2491,1763.8523,2144.5913,2405.8957,2590.7602,2726.116,2920.6808,3281.9182,3813.9832,4581.7951,5236.7762,5799.6695,6076.7526,6208.7675,6036.7385
2025-01-01,鞭加,3636.6061,3125.5794,2464.8456,2032.8296,2352.3484,2776.0991,3136.3859,3796.7254,6687.4121,8295.0339,10315.4049,11237.4931,12227.2323,11885.3977,12179.0908,11709.8437,10950.4843,9720.5741,9034.9015,7889.0361,6911.7145,5064.9333,4637.3561,3997.2822
2025-01-02,肯加,5350.8827,4482.3887,3626.7407,2839.9947,2155.9687,1498.9276,1048.6409,816.1189,859.3722,1090.2556,1298.5326,1485.1788,1666.7934,1789.7735,1823.2275,2212.21,2939.6071,3777.0609,4957.711,6009.2752,6524.6735,7000.7246,7263.3072,6805.2388
2025-01-02,鞭加,2306.4169,1661.4999,869.1325,852.5574,1278.6938,2165.0251,3203.8729,4552.7202,8069.704,11476.2555,12553.9831,14165.9225,14206.4241,14012.7016,14798.3018,14102.8126,14042.2965,13784.7081,11971.4516,11681.8178,8768.5441,8103.5771,5716.1493,5108.4665
2025-01-03,肯加,5943.4964,5000.4384,3988.5977,3082.2015,2323.8283,1643.7583,1230.5539,969.2473,1003.3497,1308.7687,1540.1418,1788.1315,1924.7603,1920.9083,2074.9574,2574.621,3512.7324,4064.7768,5331.7553,6820.1686,8330.5357,9252.2947,12765.4168,9965.3774
2025-01-03,鞭加,2915.2122,2157.2901,1692.0574,963.7035,1331.754,2489.3592,3435.7609,5762.3234,7307.1198,11452.471,11906.6114,13973.4085,16380.2198,14735.6968,13796.3138,14923.8939,13770.5772,13794.311,12305.7201,11745.4202,9198.0421,8946.4586,7578.298,5896.8971
2025-01-04,肯加,7927.8746,6212.4686,5061.7196,4077.7036,3019.1368,2165.0435,1611.5279,1331.312,1248.6256,1308.7288,1589.049,1780.7469,2033.1949,2334.9477,2635.1587,3007.9525,3513.14,3962.3536,4558.6004,5114.6602,5697.3123,6201.9773,4057445.099,4056992.109
2025-01-04,鞭加,3648.9498,2582.6322,2129.4411,1755.9123,2015.083,2425.8303,3521.6125,4687.5247,6568.7029,9929.3251,11910.3866,13550.1638,12875.6266,13188.0167,13812.2558,13093.8441,12342.7294,11060.7145,9131.3964,8325.5092,8051.9144,6535.28,6078.6009,5373.8572
2025-01-05,肯加,4056475.979,4055888.727,4055147.587,4054460.847,4053756.033,4053111.9,1646.3681,1323.5409,1287.9587,1461.4705,1751.7087,2093.1793,2314.9652,2632.91,2980.7692,3171.4927,3358.5404,3922.6265,4702.7761,5133.4512,5563.5602,5767.2182,5827.5254,5542.0125
2025-01-05,鞭加,2634.9319,1873.2577,1481.9079,1007.5424,1207.7318,2193.2049,2368.7087,3608.8637,5455.6471,7255.0104,8813.5515,9950.9207,11054.3198,11646.5756,12280.7056,11540.2821,11088.1808,10147.9692,8461.6945,8376.0613,7108.9167,5447.6572,4914.9467,3301.1091
2025-01-06,肯加,4869.8945,4079.8999,3221.7989,2319.3043,1695.7863,1242.5123,929.2589,797.7806,897.2887,1172.4061,1431.611,1635.174,1770.4977,1833.6747,1927.5981,2383.237,3032.2635,3928.0931,5551.0355,6860.5872,7673.7156,7796.6067,8420.2517,7974.8011
2025-01-06,鞭加,2501.1187,1540.7286,1100.3465,1001.7182,1661.1561,2167.7315,2582.5732,4396.7158,6825.686,10367.046,10568.6115,12348.3228,14345.8819,13538.8543,13621.4225,13347.5938,14594.4583,13915.7037,11438.3439,11052.5205,9320.8488,7851.1083,5652.036,4625.9951
2025-01-07,肯加,7066.0657,5532.0577,4458.9227,3348.1063,2462.4763,2238.1855,1286.133,1535.1919,946.4078,1229.3938,1431.0791,1579.7109,1760.7492,1766.0932,2017.1719,2518.0045,3266.6165,4186.7285,5674.2613,6995.6877,7637.9587,7863.925,7958.7433,7537.4044
2025-01-07,鞭加,3138.6736,2384.0439,1249.5538,1343.6308,1790.8031,2598.6565,2972.194,4977.0496,6607.6772,9363.67,11860.4573,13367.5134,16017.4663,14382.2618,14328.176,15118.112,14557.2303,14387.6421,13174.1047,11656.3922,9202.1994,7671.7577,6103.0053,4932.1298
2025-01-08,肯加,6538.7685,5463.424,4498.2142,3445.8572,2476.6167,1758.4267,1397.3086,1100.6776,1067.6504,1289.6445,1483.8938,1688.4871,1844.3269,1794.5543,1899.0845,2206.499,2931.2098,3944.44,5270.1996,6678.5574,7486.2524,7825.6296,8055.1776,7723.5175
2025-01-08,鞭加,3156.7545,2234.0938,1574.647,1024.0075,1563.3677,2837.6351,3154.4363,5173.662,7285.6342,11157.8643,12236.1304,13697.5733,15360.0907,14617.0385,14743.6487,14288.2856,14647.0392,14059.5348,12537.7055,12180.1659,9805.6334,8030.949,6545.6886,4949.992
2025-01-09,肯加,6826.0356,5660.3516,4498.2796,3399.3115,2533.7615,1783.0718,1331.9221,988.6268,1075.7669,1315.0764,1583.9404,1869.8028,2139.7406,2208.0546,2279.93,2783.3011,3560.2066,4823.5741,6370.0204,7840.3153,8630.2215,9025.7249,9314.9528,8951.4645
2025-01-09,鞭加,3535.2382,2576.6462,2053.2151,1334.5886,1495.9474,2539.7515,3530.1618,5059.9482,7775.8036,11609.0616,13068.8,14610.0584,17020.6931,16490.4267,15957.254,15845.7066,17170.0298,16449.6628,14516.3748,14139.126,10970.6189,9596.0895,8549.0824,7567.6042
2025-01-10,肯加,8025.5497,6665.8267,5335.1197,4096.8187,3033.9239,32048.7859,1574.3049,1193.9472,1278.3293,1642.7351,2046.9396,2351.1095,2465.6996,2499.2535,2683.215,3058.9592,3516.1303,4541.8786,5917.5696,7334.6321,8142.01,8695.025,8799.6021,8401.3374
2025-01-10,鞭加,5149.0181,3249.2694,1958.6065,1522.331,1970.8061,2879.8598,3652.2713,5658.2096,8360.8193,13229.4836,14918.7541,16464.5274,18700.2047,18844.4251,18113.9298,18187.5804,18405.7107,15795.3134,14163.7936,12812.8747,11630.675,10266.5563,7921.3895,6145.9796
2025-01-11,肯加,7593.7047,6487.7239,5442.461,4384.0382,3344.498,2543.877,1962.111,1604.7646,1530.6051,1660.2356,1938.4302,2304.3898,2753.3686,2962.688,3136.4243,3342.7691,3641.2014,4278.4838,5217.0712,5818.809,6180.1271,6540.7459,6766.861,6612.5352
2025-01-11,鞭加,4085.1317,3003.9693,2309.9864,1911.5744,2250.3072,2849.2977,3066.8165,5111.2902,8238.0405,9622.757,13367.9892,14332.4077,14613.3301,15427.9682,15668.9664,15209.8973,14009.5469,11840.742,10264.9764,9117.1884,8442.2238,7113.3899,5225.9618,4595.3875
2025-01-12,肯加,5933.5714,5322.9604,4442.5114,3721.1114,2933.2284,2300.4324,1908.2404,1493.2632,1465.6772,1627.0983,1979.7045,2361.4116,2542.378,2838.0026,3189.048,3678.5199,4249.5231,4818.5399,5412.02,6025.0104,6504.8373,6742.4099,6712.2023,6160.9261
2025-01-12,鞭加,3256.3279,1959.4451,1514.1951,1577.9892,1742.5803,2008.7398,2277.3019,4178.2914,6712.9698,11372.7436,10529.5517,11609.2213,12418.2544,12945.6091,13456.4021,13872.7271,12512.1837,10788.1988,10032.0189,9695.7196,7609.2749,6799.4348,4894.9445,4365.6821
2025-01-13,肯加,5202.6373,4187.4123,3390.9963,2646.6963,1985.7563,1419.0785,1020.0409,966.3858,1024.6906,1212.4037,1544.6287,1818.6549,2091.1707,2123.2811,2348.9075,2788.0336,3331.2111,4099.3816,5553.5631,6678.7218,7216.0538,7743.5224,7950.1081,7375.5245
2025-01-13,鞭加,2321.0882,1470.9432,1000.0506,997.6196,1258.4605,1932.2437,2984.6011,5518.2439,7591.8901,10744.7964,12044.365,13941.6645,15881.7402,15358.1034,13924.1179,14778.9602,15273.1401,13774.2006,11456.6391,10795.1004,8903.2705,7791.2452,6268.2075,4323.9549
2025-01-14,肯加,6498.3582,5370.0522,4150.5788,3225.1246,2521.0126,1822.2106,1354.8147,1078.0611,973.1726,1127.0641,1359.7541,1495.1697,1565.1885,1662.2891,1836.9263,2244.1303,3060.9672,4121.3286,5528.7886,6682.2664,7244.8361,7770.9838,7945.7432,7527.5701
2025-01-14,鞭加,2951.0375,2186.5647,1259.3927,1030.8153,1660.6937,2047.8498,2960.8959,5054.7202,7709.4765,11040.9886,12374.3031,12247.2833,14525.7758,13317.5999,13003.8898,13035.7957,13763.6756,12867.8108,11907.3141,10538.0601,8616.7457,6952.2853,5796.7205,5012.9055
2025-01-15,肯加,6627.3522,5538.6292,4395.1035,3278.3125,2439.4955,1814.2305,1414.5758,1114.4848,1017.3166,1180.5765,1397.0079,1718.3992,1900.6441,1909.2282,1961.1621,2430.6147,3138.3657,4141.4958,5583.5064,6929.9519,7519.1389,7932.9636,8231.6382,7909.3013
2025-01-15,鞭加,2668.604,2389.7666,1509.2037,1123.5937,1653.5196,2600.5183,3096.2818,5238.6395,7251.1681,10004.6718,11578.5988,13848.0002,15423.6685,15236.2411,15854.6935,15290.6932,15661.646,13888.0871,13074.7284,12436.9157,10616.2825,9434.062,6790.4204,5271.9123
2025-01-16,肯加,7028.6425,5891.1995,4766.3129,3680.5205,2791.8285,2089.3085,1493.3659,1212.1009,1164.3103,1344.2447,1607.5255,1753.5188,1913.1528,2014.7706,2238.9995,2631.3596,3458.2331,4303.8347,5519.3228,6584.7913,7194.4666,7648.7195,7929.2889,7659.4699
2025-01-16,鞭加,3488.8501,2733.2849,1850.8071,1606.0254,1675.1789,2581.0149,3077.9283,5286.0314,8067.9941,11482.9916,12440.9881,14006.3252,16004.5346,15489.2656,15171.3909,15987.7895,15613.4235,15277.3874,13026.8121,12025.9519,9011.8055,8002.218,6351.6776,5068.7572
2025-01-17,肯加,6914.5419,5849.213,4731.7308,3722.5028,2785.9078,2051.9475,1469.6275,1211.6749,1276.6857,1471.4928,1705.862,2000.1704,2070.2337,2096.2901,2148.9458,2415.9504,2969.8783,4017.3265,5140.4035,6323.8982,6957.7735,7550.084,7900.4183,7617.4697
2025-01-17,鞭加,2219.0407,2767.8819,2108.5956,1570.1482,1718.6295,2693.5061,3318.7128,5186.0824,8389.7785,11240.1219,12616.1993,14214.784,15038.2633,14977.5138,14884.4822,15024.7007,14562.1616,14526.1311,12647.5483,12080.0168,10319.8555,8278.2327,7583.3627,5755.8962
2025-01-18,肯加,6985.3899,6157.6979,5066.5677,4009.7027,3196.7417,2425.7814,1813.5972,1390.6372,1330.7244,1575.6349,1794.0461,1988.238,2234.8585,2381.1765,2526.0622,2850.6544,3248.8002,3694.4766,4416.6819,5159.4076,5627.7473,6071.422,6344.1714,6241.0044
2025-01-18,鞭加,3427.4332,3003.3002,2319.0626,1766.4603,2009.0706,2853.9079,3101.7713,5226.2114,8052.1967,10266.2254,12925.2801,13023.426,14055.1204,12679.1048,13217.2314,12749.6106,12378.4255,12464.2817,10743.9501,9721.6891,7768.9327,6451.2662,5599.1566,4633.5551
2025-01-19,肯加,5774.7269,5046.4169,4324.9936,3597.7796,2865.3696,2223.8476,1704.6523,1285.1353,1189.004,1312.2761,1591.4923,1893.16,2075.0022,2335.6433,2643.9663,2996.633,3485.7935,4182.5438,5112.9197,5686.9806,6106.1276,6398.7497,6536.4896,6123.8004
2025-01-19,鞭加,2931.5556,2298.2578,1531.9241,978.8437,1585.0025,1873.185,2521.0782,3772.0832,5565.3538,7727.7678,9859.0125,11262.3356,12461.996,12666.5632,12508.2767,12019.3764,11596.9687,10376.5055,9683.3738,7964.2906,6359.6427,5659.0263,4034.4323,3920.2016
2025-01-20,肯加,5389.4993,4571.8963,3700.8737,2908.7748,2158.0101,1580.5778,1180.4586,906.6686,922.7454,1037.2814,1268.664,1490.0803,1751.9839,1863.5269,1906.4441,2295.7434,2946.008,3757.5411,4971.004,6298.1101,6995.8248,7458.6302,7847.8765,7492.8725
2025-01-20,鞭加,2808.3149,1812.0902,1281.6667,1082.9321,1351.8687,2314.3379,3077.9782,4973.295,7755.3616,10065.6769,10900.3548,13562.7315,15123.9795,13440.1092,13201.9347,13853.6138,13627.9917,13655.4746,11308.5182,10622.2365,9267.7269,7486.8038,5594.1106,4232.3735
2025-01-21,肯加,6659.3032,5684.5379,4508.9579,3422.8279,2613.7913,1887.4701,1394.6981,1002.2738,974.7663,1041.8342,1272.6732,1640.3232,1595.6045,1519.0022,1591.7851,2079.0895,2758.8579,3702.1479,4982.8034,6306.833,7175.7939,7541.9165,7837.6973,7571.4998
2025-01-21,鞭加,2729.917,2439.3674,1776.0567,1133.6005,1512.6926,2408.5806,2903.6571,5360.9449,7159.3083,11097.7649,11317.2401,13350.375,14733.6353,14285.4559,13609.8464,14554.5722,14152.1222,13539.2943,11774.6021,11238.2038,8549.1832,7373.6254,6614.6031,5178.1499
2025-01-22,肯加,6692.9458,5685.6276,4663.6194,3632.6224,2763.7052,2045.4552,1574.3452,1231.0851,1121.9163,1260.9612,1540.7408,1752.8658,1703.2134,1595.6643,1760.9646,2170.2304,2796.9259,3764.9852,5111.6455,6465.7138,7118.2969,7523.1874,7725.5211,7568.7011
2025-01-22,鞭加,3113.2165,2538.1178,1850.7146,1406.6963,1624.1476,2454.3131,2943.9983,5000.2431,7376.2726,10715.4396,21070608.54,12822.2946,15020.6637,14641.7361,13656.2864,13823.6762,13460.4032,12895.6399,12036.2,11224.5021,9819.8205,7761.8705,6677.0134,5415.4218
2025-01-23,肯加,6713.8883,5635.6185,4719.5738,3628.2278,2757.2168,1959.2666,1443.324,1165.026,1037.9999,1062.2909,1349.9831,1680.0198,1732.432,1772.9568,1779.8647,2031.4024,2722.6344,3574.8348,4812.2466,6203.8419,7058.2658,7783.3644,8326.4856,8216.1187
2025-01-23,鞭加,2698.8382,2457.9169,1877.8981,1262.8148,1327.8248,2492.627,3381.8569,4967.5614,7597.2571,10984.9406,11645.4102,14121.9916,15266.2969,14726.6753,14288.9818,13555.7814,12843.3333,14095.5775,11532.376,12357.3266,9748.7771,7362.4168,5752.8501,5434.203
2025-01-24,肯加,7429.8567,6341.3867,5233.0227,4153.8239,3124.3519,2334.0589,1692.4109,1323.545,1220.597,1423.8051,1597.4328,1952.2042,2076.201,2287.418,2361.4091,2753.3011,3472.1574,4347.7273,5330.9234,6404.712,7086.4655,7584.9188,8001.4098,7720.3093
2025-01-24,鞭加,2940.3759,2449.1543,1971.8993,1519.0015,1525.6183,2780.7303,3916.7505,5976.3422,8965.5669,11904.1578,12313.3102,13146.9492,16082.0642,15480.142,14096.7051,14470.3078,13451.3166,13486.2712,12461.7786,11568.8167,10352.1279,7857.974,6842.5114,6081.3315
2025-01-25,肯加,7041.2555,6241.1855,5274.2715,4204.323,3166.182,2392.312,1844.809,1559.5274,1448.9685,1559.1821,1736.2611,1908.7367,2226.7106,2527.073,2795.2745,3092.578,3461.0797,3924.5412,4671.8715,5419.2893,5929.3312,6318.0752,6590.4349,6368.2135
2025-01-25,鞭加,3292.819,2631.3861,2091.5324,1707.2741,2185.8552,2638.4692,3263.577,5183.0219,7606.3632,9367.5528,12364.7832,13140.9808,15131.2322,14028.2544,15056.4068,13805.5547,12258.5046,10772.7275,9856.9602,8608.0742,7176.9959,6215.1713,5245.5425,4103.7429
2025-01-26,肯加,5769.3432,5050.4209,4171.7609,3283.1018,2633.6158,2025.8058,1528.6977,1265.4946,1223.5398,1438.1204,1673.8096,1905.1135,2113.8745,2379.408,2562.4817,2883.5391,3304.6165,3688.9585,4279.9108,5022.96,5543.0316,5937.8495,6166.4844,6024.1288
2025-01-26,鞭加,2002.2519,1877.8513,1640.8312,1386.6667,1393.3393,1430.4704,2861.5016,4525.272,6487.9624,7879.8878,10556.0084,13203.1927,13102.7964,13076.8661,13754.8073,13628.5839,13003.6226,12242.5007,10725.5172,9586.2739,8377.226,6844.249,5890.1268,4266.4046
2025-01-27,肯加,5345.5588,4646.2508,3899.122,3069.1229,2423.1097,1963.7965,1522.7316,1240.592,1094.195,1231.4347,1560.2588,1807.6908,2201.0924,2409.4774,2605.0363,2928.4183,3292.6014,3988.5334,4933.6563,5668.168,6015.382,6483.9899,6625.5079,6494.9584
2025-01-27,鞭加,1931.7195,1980.7225,1743.842,1196.5906,1623.9477,1885.5887,2397.0219,4565.1921,5895.2661,7944.0878,10623.5644,13399.7708,14063.0609,13075.9217,14905.861,13220.5711,14084.0136,13464.3605,11398.3223,10309.655,8355.7343,7036.9847,5246.4571,4444.8162
2025-01-28,肯加,5804.9764,4966.6144,4119.6238,3286.9718,2497.5048,1792.8781,1451.6325,1210.2151,1131.4749,1236.721,1574.5991,1896.3328,2225.8561,2426.7271,2708.8045,3102.4645,3472.2176,3922.3608,4303.0458,4786.2749,5181.5306,5459.1872,5503.2289,5120.8372
2025-01-28,鞭加,2625.6696,2033.6336,1550.7146,1247.4353,1670.0412,1846.4732,2200.8647,3402.6477,5548.5493,8114.7818,10562.0567,12514.0947,12143.9649,12432.4691,14372.4479,14699.0466,13070.8423,12630.8607,9810.8582,8478.5129,7944.4882,6200.9887,4796.0726,3726.411
2025-01-29,肯加,4633.2732,3959.8212,3261.0843,2579.3383,2035.2933,1516.5093,1162.8063,978.7173,999.0345,1204.54,1490.7,1790.9756,2073.3268,2269.549,2499.0236,2904.9616,3417.7871,3881.5034,4445.173,4966.3844,5511.2118,5847.3816,21096.2052,5949.3095
2025-01-29,鞭加,2607.5007,1676.4021,1399.7588,1088.0248,1373.0393,1568.8259,2433.1421,3486.9139,5399.9547,7491.5014,9934.6114,12062.9304,13224.397,12624.9441,14482.4918,13820.3283,13936.44,12223.403,10322.8216,8324.7441,7378.8942,6253.9858,5766.8279,4200.759
2025-01-30,肯加,5495.8208,4751.4108,4046.7508,3338.2131,2693.0631,2075.9231,1589.5565,1301.1175,1181.9161,1259.0378,1460.3948,1797.5417,2120.584,2399.954,2562.3613,2926.3579,3328.9412,4020.4535,4797.0464,5468.2419,5880.8149,6160.4376,6285.6163,5936.4987
2025-01-30,鞭加,2426.3206,1697.8708,1361.1714,1013.2676,1363.4873,1692.2324,2273.7306,3828.6588,6020.4811,8187.3223,10039.2669,12377.2307,12834.6562,12752.9572,13571.281,13096.976,13076.6562,12324.0171,9372.1082,8609.0604,7250.3743,6435.8413,5514.5948,3867.082
2025-01-31,肯加,5417.2371,4672.4596,3789.2366,2932.1758,2257.8768,1755.4438,1344.0251,1100.1032,1070.6852,1403.7327,1634.2556,1885.8924,2154.6666,2308.5661,2465.2333,2779.8504,3341.5462,4006.1787,5018.009,6107.5309,6668.3447,6804.3317,6959.9382,6696.4633
2025-01-31,鞭加,2799.7264,1863.4639,1534.8229,1070.6078,1139.1054,1878.6924,2856.1417,4784.2988,7513.0119,10575.2978,11755.5477,13419.9084,14736.632,15369.4655,14804.5887,14889.6684,13913.3641,13654.9709,11155.8612,9491.1409,8364.2942,7136.3356,5683.6616,4637.9565
2025-02-01,肯加,6076.2937,5185.8187,4275.8744,3372.3844,2624.9234,1941.4644,1492.4828,1229.2435,1088.1034,1121.7819,1291.2591,1522.5518,1843.9435,2151.1426,2488.7635,2866.0025,3198.4899,3721.5538,4226.6649,4643.8073,5180.4704,5880.1529,6278.2913,67255.2991
2025-02-01,鞭加,2848.5356,2117.8491,1643.4891,1161.5766,1546.4961,2028.2616,2375.9818,4045.1666,5980.2846,7115.9499,9489.5723,12033.6154,12210.7364,11579.4671,12643.9833,12073.7848,12784.8531,11889.9552,9702.8685,8522.1311,7291.6295,6254.292,6139.1692,3991.5255
2025-02-02,肯加,5558.6361,4873.7622,4138.8424,3307.3514,2676.5104,1923.9806,1468.7906,1242.2086,1223.063,1304.6122,1504.2343,1757.721,2014.178,2226.2083,2597.4304,3167.516,3617.3334,4223.565,4849.3662,5520.955,5960.2788,6189.1913,6221.8,5741.071
2025-02-02,鞭加,2488.004,1539.2996,1567.9246,995.0127,1183.6364,2002.1088,2333.8365,3830.1939,6017.0293,7113.9276,8992.6061,10919.9213,11364.9253,11492.7819,11692.0615,10321.4052,10081.2928,10426.6071,8822.353,7683.9417,6222.4177,5821.508,5167.3083,4218.1531
2025-02-03,肯加,4915.5077,4153.8978,3270.1971,2470.1631,1841.1558,1346.9758,967.0321,821.6986,899.4087,1112.3826,1282.9793,1496.8384,1573.5153,1543.7641,1533.3422,1524.0028,2019.387,3251.0065,4864.1617,6421.8083,7327.296,7817.0023,8166.0456,7840.9657
2025-02-03,鞭加,1635.998,1527.9222,1040.7641,776.8126,1516.853,2338.5893,2786.1152,5115.0422,8166.8032,10391.438,12369.5597,13933.8972,15344.9102,15570.5002,14391.5085,9906.1362,14264.4447,14988.0154,13659.6629,12223.2586,10659.0672,8180.6726,6962.8208,5240.0915
2025-02-04,肯加,6900.5031,5784.5919,4670.784,3666.8649,2693.2418,1982.7923,1470.7133,1110.4568,1003.9364,1333.8943,1730.491,1939.613,2033.141,2050.5547,2116.1249,2605.5706,3464.0396,4401.0943,5873.5358,7251.5373,8088.807,8513.7632,8711.4853,8350.2357
2025-02-04,鞭加,2955.1674,2530.9223,1611.3897,1309.9704,1667.9769,2741.0837,3493.8664,5457.0935,7401.5596,10869.8516,12906.0468,15705.1078,17345.6697,17198.5341,16523.4252,15403.5734,15954.2557,15789.2905,15184.6011,13530.6955,10600.4604,10042.3081,7864.3958,6088.2052
2025-02-05,肯加,7528.4828,36982.3083,4966.843,3925.133,2990.568,2242.743,1634.2946,1188.0764,983.4327,1356.0963,1655.0255,1968.5198,2138.8636,2154.6786,2157.1038,2617.9338,3478.0493,4422.4454,6174.5534,7457.3732,8318.0241,8679.6957,9009.657,8614.3689
2025-02-05,鞭加,3827.9942,2612.4404,1899.499,1564.7351,1717.1989,2595.9884,3320.2517,5317.1776,7438.5613,12599.4621,14023.2744,15658.2241,18357.2583,16841.213,17734.6976,16587.8481,17278.2554,15610.6847,14702.5373,14906.3977,12349.1014,10379.0124,7820.2492,5301.6695
2025-02-06,肯加,7770.5733,6448.1609,5236.6057,4066.1597,3100.6997,2122.7776,1458.4837,1139.2033,1097.1279,1383.8805,1719.3804,1967.5244,2058.0716,2197.6128,2207.7248,2513.8202,3353.1573,4346.5963,5885.6333,7423.0469,8410.0619,8709.5178,8860.7186,8505.0161
2025-02-06,鞭加,3269.0409,2794.5122,1874.0369,1594.0591,2138.2394,3043.5939,3702.0322,6355.9257,8958.322,13314.0643,14556.4627,16086.7727,17440.0956,16990.1171,15544.9746,16494.1146,17019.6756,14376.8634,13737.4865,14688.0063,11801.8156,9304.7491,7126.6143,5219.3155
2025-02-07,肯加,7574.2763,6227.4803,4820.8043,3710.5,2686.1716,1836.8306,1266.3822,999.0604,1027.3747,1337.5981,1663.169,1850.8695,2017.2426,2271.3928,2358.4826,2854.2982,3413.3652,4361.4944,5992.3882,7449.7225,8404.8658,8911.9458,22113.7907,8817.8207
2025-02-07,鞭加,3055.18,2604.7244,1993.5225,1498.2481,1388.505,2988.2795,3348.2751,5369.616,6205.0572,10360.282,13064.417,13276.1861,15183.4928,15736.5412,17390.204,17086.0034,17375.3312,16065.4722,15037.4074,13398.7301,11259.6024,9923.5639,8153.7565,6348.7314
2025-02-08,肯加,7832.7107,6712.0537,5450.1419,4235.8949,3244.3049,2436.918,1875.56,1541.7536,1342.3518,1442.706,1758.147,2210.9875,2582.8485,2866.9935,3145.5209,3455.3331,3948.5812,4509.6274,5087.0971,5797.2332,6358.2118,275153.5753,6891.6089,6900.9418
2025-02-08,鞭加,4229.1084,3093.9878,2347.8372,2099.8291,2324.1415,2825.9329,3225.0626,5489.5732,8309.3132,10178.6844,12129.9093,13866.9965,15982.0112,16292.2336,16361.3634,14925.8815,44973.3582,13225.3833,12239.7953,9796.0332,9136.4046,7450.9877,6162.4305,4804.7263
2025-02-09,肯加,6269.1776,5625.2819,4756.5359,3966.5659,3158.3058,2483.9138,1844.111,1507.8956,1376.0086,1467.559,1665.9326,1979.2155,2210.3085,2581.7622,3008.3624,3417.9975,3882.0886,4431.3047,5227.8685,5965.8927,6265.2354,6517.6088,6641.1744,6321.8344
2025-02-09,鞭加,2988.5706,2341.3274,1637.1084,1462.5802,1574.1013,2178.8522,2294.0387,4248.8764,7202.7796,9892.1893,11006.7754,12088.8348,13597.4079,13405.8726,13289.9868,14159.6746,13303.4797,12955.3238,10945.1275,9514.1898,8059.6404,7422.6857,5868.4534,4593.6924
2025-02-10,肯加,5744.446,4840.2091,3867.1055,3003.6352,2349.1212,1748.6334,1276.6052,973.0979,974.7015,1182.1821,1504.3414,1887.4036,2152.7542,2170.5588,2396.6365,2778.9411,3377.9425,4378.412,5662.2385,6942.0067,7586.5248,7968.4443,8246.6388,7900.5202
2025-02-10,鞭加,2826.0699,1885.0618,1349.2577,977.0245,1719.6113,2817.7527,3397.2699,5381.1458,8095.0884,12474.1689,13346.2924,15194.7,17028.8271,16052.3165,16258.0621,15820.4935,15242.734,14901.6854,14011.5776,12871.1232,10307.6407,8133.1098,7131.8746,5150.1086
2025-02-11,肯加,6903.9415,5697.7954,4591.5894,3483.7944,2679.5006,2040.6046,1449.8063,1123.4463,1105.8576,1132.7367,1456.1204,1805.8874,1967.9808,1957.5014,1988.0998,2346.1088,3086.5564,4161.1509,5580.2366,6701.7094,7473.0903,8044.1931,8382.3941,8140.0893
2025-02-11,鞭加,2492.0684,2188.7394,1578.5925,1242.0031,1484.8898,2555.3438,3483.914,6406.4694,8568.7703,12514.8346,13789.4247,15297.2523,17723.4873,16236.2348,15853.7168,14754.3643,14468.4912,14550.4468,12569.9972,12877.7281,10007.7479,8960.0859,6476.5049,5489.7988
2025-02-12,肯加,7229.6353,6119.8354,4962.3938,3842.106,2834.819,2002.176,1434.3221,1104.3039,1001.3559,1235.2916,1440.6527,1693.7366,1817.9518,1849.1106,1865.6918,2125.9229,2739.4407,3714.0687,5089.205,6465.941,7344.231,7654.8649,7942.2542,7643.2062
2025-02-12,鞭加,2705.7428,2022.3946,1458.4307,918.1392,1530.1121,2099.8893,3065.4476,4914.3948,6922.6392,9481.1256,10985.4859,13322.5733,14298.8806,14112.5736,14929.079,13931.8193,14233.0385,13884.8819,13289.1118,11828.8495,9894.1056,7461.9467,6056.2416,4644.2171
2025-02-13,肯加,6576.5814,5567.7662,4429.1516,3393.7592,2540.6612,1848.77,1347.4807,1084.0479,1046.1942,1243.5621,1456.6204,1760.1708,1882.1535,1841.1105,2008.0477,2405.2449,3079.2817,4009.6202,5331.7284,6517.6416,7263.4616,7626.5059,8060.1117,7898.4277
2025-02-13,鞭加,2969.1759,2288.938,2302.2592,1338.8907,1501.6602,2554.6306,3579.3958,5762.6917,9195.6522,11878.9011,13326.2639,14816.761,16356.7734,15234.0642,15192.791,14698.059,14079.145,14421.4375,14011.0861,12464.004,10206.5793,8429.4039,6409.0457,4476.772
2025-02-14,肯加,7027.1817,6000.8917,4811.2562,3777.8062,2780.3265,2033.8915,1454.0388,1162.7668,1191.1438,1429.2149,1697.5759,1908.3965,2079.2744,2030.9804,2189.3839,2487.463,3146.0022,3863.0212,4930.3917,6107.6739,6904.6831,7460.6045,7865.7795,7673.1816
2025-02-14,鞭加,2783.5677,2210.5125,1659.1303,1208.3707,1412.6662,3042.5491,3800.6339,5717.7872,8721.4182,11842.4505,13173.9097,13666.503,15109.6651,15031.1421,14680.9831,15815.5256,15082.3026,14417.8452,12527.4883,11458.3912,9403.3869,8238.0603,6151.8498,5420.4639
2025-02-15,肯加,7012.8066,6012.9627,4990.0747,4015.127,3134.6116,2348.2976,1669.3546,1331.5669,1233.6685,1329.8235,1501.5874,1715.4179,1896.7873,2177.3206,2469.6379,2802.8569,3141.4529,3615.1349,4315.2444,4875.0194,5408.4704,5790.7526,6129.5375,5923.6371
2025-02-15,鞭加,3193.8606,2096.2543,1789.8057,1876.9628,2252.5909,2408.1974,3464.5026,4515.0235,6910.8906,9311.0816,11928.9225,12754.9472,25278731.46,8434983.448,13347.1459,13306.0868,11564.1247,12388.1161,10581.5546,9737.748,7167.9914,5457.9529,4818.1582,4157.9088
2025-02-16,肯加,5417.7071,4750.6588,3943.1268,3250.7224,2494.4182,1993.7882,1610.8892,1249.2002,1107.8392,1259.3326,1540.8056,1856.7414,2160.349,2487.0084,2824.0403,3191.0107,3580.9236,4279.249,5162.2617,5655.3774,6035.6113,6186.2187,6114.8502,5711.9488
2025-02-16,鞭加,3012.0284,1941.641,1408.7403,920.4903,1471.3538,1661.4344,2517.767,3771.8658,6309.4935,7486.9543,10370.2696,11403.6729,11719.0508,12045.5027,11590.8412,10979.4232,11046.3346,9693.1051,9592.6206,8325.4449,7098.7426,5484.5072,3967.8164,3680.6816
2025-02-17,肯加,4941.1491,4121.4601,3311.7051,2527.9922,1907.1117,1475.8757,1061.1984,865.8826,927.9479,1072.0059,1315.2237,1565.2371,1789.8667,1814.8511,1898.4178,2271.7201,3004.5355,4023.1305,5308.2073,6489.7415,7198.2155,7582.8186,7762.1057,7285.5651
2025-02-17,鞭加,2235.8679,1420.3817,1003.4136,905.6514,1658.3584,2652.6426,3298.0031,5366.0588,7203.1018,10711.9064,11922.6833,13560.8308,15308.7858,14071.779,13992.3468,14650.5641,14970.0864,13966.5243,12342.4698,11597.1186,8818.5461,7653.7709,6148.3812,4749.2492
2025-02-18,肯加,6178.0963,5174.6684,4079.3422,3133.4352,2386.1204,1766.6334,1362.2114,1119.4681,1142.7654,1327.3221,1502.1017,1776.572,1895.198,1849.7783,1934.044,2298.7282,3052.595,3923.8635,5225.4048,6651.6227,7374.6104,7957.5719,8313.5695,7966.0255
2025-02-18,鞭加,2848.3201,1968.7935,1413.7808,1491.3082,1681.458,2548.1927,3325.0028,5869.9692,8057.4709,10888.5384,12117.7075,14006.2404,15776.2957,15210.0501,15739.0716,15918.4547,14964.0534,13736.4404,12682.3476,13479.4604,9799.6322,8869.3411,6167.6624,4589.098
2025-02-19,肯加,7065.8768,5921.6223,4882.8809,3826.0674,2795.9954,2127.4194,1620.4329,1327.1615,1258.3423,1391.1125,1546.5748,1860.635,1904.9926,2003.0885,2089.1167,2519.9737,3159.7432,4303.6627,5622.8937,6728.8492,7430.7015,7915.9198,8134.968,7879.5096
2025-02-19,鞭加,2896.5134,2482.622,1941.7227,1406.7459,1726.6067,2751.9839,3345.6692,5489.0177,8693.6988,11605.2537,13979.9695,14586.2939,16516.5318,16269.2974,15198.9742,14769.8911,15817.3682,15181.1863,14056.8527,13777.2085,10796.9972,8201.3678,6416.5046,5173.71
2025-02-20,肯加,7071.5427,6065.7564,4942.8514,3942.0314,2924.8747,2103.8781,1618.8225,1233.6419,1197.9788,1342.8102,1538.31,1891.27,2153.4688,2058.0672,2094.0747,2637.0475,3419.1908,4359.3402,5727.7553,7055.8696,7789.0648,8191.7095,8571.8745,8209.0894
2025-02-20,鞭加,2689.8921,2465.2342,1731.9179,1305.398,1692.7091,2521.3213,3314.4174,5672.7832,8447.4854,12172.2652,12771.2966,13954.1673,16579.8445,17007.972,15934.1051,15509.6265,15298.1786,14734.9838,14360.3528,13034.5874,10324.2385,8223.4233,6889.1955,5033.1358
2025-02-21,肯加,7259.2384,6120.3554,4955.243,3780.4688,2899.0078,2179.1178,1552.6678,1260.5148,1241.5384,1399.934,1633.3673,1972.5107,2007.1938,2063.1271,2169.1245,2512.8024,3126.5438,4101.7611,5349.5688,6605.9328,43257.1532,7886.2207,8341.377,8350.3872
2025-02-21,鞭加,3540.11,2189.5067,1735.1718,1427.5159,1840.5044,2900.8338,3362.2197,6450.3503,9028.7264,12161.295,12798.02,15215.8805,17304.5072,15058.4386,15699.5444,15923.3591,15180.4297,15573.1303,13114.4431,12486.1076,10425.0444,8992.1862,6384.4179,4877.0145
2025-02-22,肯加,7736.7348,6839.3706,5940.0706,4877.0956,3992.3947,3240.3294,2574.8584,2211.5023,1742.2505,1582.6132,1821.6757,2041.6548,2206.3616,2454.6589,2872.1176,3200.2464,3317.9065,3760.6307,4484.5179,5175.2355,5797.1481,6396.2217,6775.4443,79513.7416
2025-02-22,鞭加,3157.2025,2909.0607,1911.0459,1340.5417,2289.2575,3090.2097,3141.6492,5932.1377,8318.6397,10672.7851,11853.7926,13993.11,14296.7147,13751.3694,13996.102,14345.3076,14155.6242,12580.3335,11574.1442,10243.5037,8659.4974,7218.1471,5473.7259,5188.929
2025-02-23,肯加,6154.8848,5311.0208,4484.2628,3613.9684,2823.6827,2133.4484,1558.8558,1245.6879,1237.8893,1362.8302,1555.6555,1883.9574,2338.5189,2664.2565,3132.8939,3666.3549,3940.7414,4636.2487,5399.0603,5851.8502,6300.5497,6656.6513,6647.0289,6341.9552
2025-02-23,鞭加,2964.3706,1777.2307,1307.9528,1373.3352,1827.6332,2047.895,2614.0927,4703.4429,6866.8181,9026.8871,11158.7343,12411.5076,13386.2331,12726.961,13315.4735,13500.5894,12846.3694,12304.4632,11356.7764,10059.3802,8657.8037,7190.0961,6095.8272,4635.1025
2025-02-24,肯加,5669.166,4764.6923,3942.2732,3100.8823,2311.3315,1732.1845,1310.3626,1032.1126,1068.8133,1372.4883,1628.7171,1778.1951,1935.6581,2025.4623,2158.5008,2609.9195,3337.986,4211.693,5148.2442,6496.4218,7276.8766,7659.231,7932.8938,7590.5158
2025-02-24,鞭加,2456.3711,1979.9628,1660.9892,931.0634,1469.6939,2508.1099,3453.9662,5228.2746,8389.3842,12799.1941,14526.3897,14642.4889,37910859.23,16477.3914,15124.1645,14665.9687,15128.3188,14427.495,13877.252,12638.2598,9729.678,8203.4539,6343.525,4868.7326
2025-02-25,肯加,6727.1012,5709.0306,4704.104,3557.311,2660.328,1931.5684,1297.8116,973.9051,974.9022,1249.9201,1456.8138,1617.4301,1690.5108,1787.5264,1779.3534,2267.6666,2965.3632,3893.6536,4972.89,6039.0365,6737.6177,7220.9185,7556.8203,7286.7442
2025-02-25,鞭加,2778.8746,2476.5277,1442.7206,1112.6004,1409.4116,2782.6622,3168.689,6063.4004,9257.458,11833.758,12766.9637,13865.4673,15947.0486,14608.0778,13952.6923,14648.6419,14321.8484,13581.7039,12084.9271,12196.8676,9007.2135,7645.8161,5987.0595,4538.1271
2025-02-26,肯加,6346.1821,5316.1276,4392.2313,3463.1288,2647.6852,1915.2832,1412.8131,1174.3355,1235.5868,1325.3118,1432.9593,1504.1368,1628.0757,1745.9633,1845.6047,2162.689,2790.4392,3601.6183,4568.1172,5640.3474,6403.0285,6998.6352,7290.8288,7149.0207
2025-02-26,鞭加,2392.2199,2008.79,1108.7698,1207.0002,1857.7638,2886.5814,2974.3073,6068.0258,8431.5495,11590.6435,12702.1966,13003.462,14102.2322,13110.2378,12460.7033,13055.0741,14245.5383,13936.1946,11923.7012,11406.4677,9228.086,7352.7218,5759.3876,4496.6906
2025-02-27,肯加,6460.8717,5467.1734,4502.096,3530.2382,2660.7912,1925.2519,1391.9008,1161.4397,1176.6215,1243.583,1305.5485,1535.9688,1685.7746,1703.2956,1759.5417,2192.4624,2909.8377,3867.789,5203.377,6264.8109,6797.8478,7247.8816,35872.4507,7250.9549
2025-02-27,鞭加,3111.4601,2564.4023,1673.5294,976.2525,1651.8365,2373.0189,3254.6373,5505.066,7523.1697,11382.4274,12445.551,13580.6204,15285.4482,13472.7759,13530.0008,13115.4121,13793.6626,12664.7794,12384.2832,11135.8955,8991.8102,7209.2593,5652.3925,4046.9604
2025-02-28,肯加,6468.8819,5501.1307,4486.0613,3524.3099,2619.5739,1751.1922,1215.1196,1034.3236,989.719,1161.8913,1295.1313,1619.8203,1853.8237,1927.9911,2007.7886,2355.5127,2786.4667,3449.4144,4503.3311,5597.6172,6442.6841,6953.0006,7535.5959,7346.1144
2025-02-28,鞭加,2295.8866,1959.8818,1579.3627,1002.5401,1426.3836,2393.2691,3268.515,5301.646,7222.9289,11034.6162,10976.6473,12562.3652,13481.0658,13354.9244,13419.4681,12950.3886,13167.5847,12534.6813,10994.5954,10976.2248,8852.8056,7993.0994,6496.7334,5085.313
2025-03-01,肯加,6789.0435,5903.9785,4935.2578,4016.7591,3164.4282,2319.1842,1744.3425,1454.0836,1335.8643,1435.5708,1529.1057,1707.9997,1871.4435,2011.2614,2198.8762,2489.5599,2747.8939,3120.4021,3591.7565,4305.6343,4906.6353,5565.3839,6000.5514,5895.3965
2025-03-01,鞭加,2591.2492,2550.0142,1624.4326,1619.9456,1966.8381,2196.8447,3078.0733,4966.8668,7015.5703,9477.5533,10794.3122,11916.8438,12410.1236,12049.566,13401.9076,11872.7736,11572.2873,11169.4101,9700.8643,7901.4511,6778.9055,6172.5692,5059.7344,3398.4936
2025-03-02,肯加,5374.9055,4647.029,3992.2689,3405.9209,2670.452,2076.751,1555.5386,1221.8917,1135.0909,1240.7386,1423.1881,1569.8983,1816.9898,2042.9651,2333.2527,2736.9153,2965.0689,3371.3596,3995.392,4550.8196,5068.3856,5291.276,5418.028,5387.6037
2025-03-02,鞭加,2167.1806,1562.7838,1338.3717,871.1675,1254.8019,2118.4728,2155.0498,4027.6602,5817.3398,7946.261,9726.0138,9949.1131,10960.5455,11375.257,12512.9296,10637.749,10823.6331,8794.0388,8299.1738,6921.9353,5576.5809,5765.4847,4596.4449,3354.9408
2025-03-03,肯加,5013.3397,4368.9054,3721.4874,3107.0674,2488.1109,1970.8932,1564.1494,1304.0432,1167.275,1272.4194,1463.1995,1776.5972,2088.5135,2313.6343,2379.9829,2708.146,3310.9265,3952.7857,4838.5046,5521.2106,6213.1717,6592.0776,6502.3881,6145.8432
2025-03-03,鞭加,2006.3057,1817.0928,1572.3997,967.2868,2197.3437,1692.2356,1978.5003,3529.6656,5642.4329,8191.4687,9929.1534,11289.617,13197.6271,12881.4272,13167.7926,12661.9283,11079.2983,11111.7526,9804.908,9231.6907,41280.0601,6731.4421,8172.9615,4606.541
2025-03-04,肯加,5511.2122,4556.5969,3676.2252,2808.4182,2111.8652,1482.0562,1031.4454,896.0262,1023.2922,1248.5614,1409.1914,1609.7589,1730.4714,1818.6274,1871.4814,2301.2326,2891.291,3785.7663,5189.9488,6265.7095,6853.5087,7143.0246,7328.2719,7140.8253
2025-03-04,鞭加,3116.463,2495.8189,1539.8113,1295.6809,2039.0991,2516.9088,3862.2089,5923.6616,7682.37,10313.6738,11105.8428,11425.0852,13825.1486,15104.183,14397.3184,14776.8419,14629.6059,13200.0172,12828.5426,12880.4873,9942.7412,7948.4145,6802.0175,4747.364
2025-03-05,肯加,6465.9701,5427.9551,4260.8449,3277.2486,2434.8818,1803.6218,1315.3749,981.8886,978.3038,1266.468,1432.8543,1546.8526,1643.3351,1656.2551,1727.7064,2036.6385,2677.6679,3590.9454,4804.521,6075.4506,6977.5976,7525.611,7943.0904,7460.7474
2025-03-05,鞭加,2952.7289,2416.7576,1627.9419,1263.5362,1656.9762,2534.0445,3504.3211,5614.8499,8322.2526,11791.7344,11931.8099,13508.0275,15505.4002,13599.395,12415.6486,13510.2677,13671.4396,14363.4749,11215.6373,10630.6335,8749.3011,7810.326,6219.2377,4603.5403
2025-03-06,肯加,6493.9126,5503.7884,4411.0093,3409.1481,2539.6215,1828.693,1388.7308,1167.6268,1130.0835,1329.8907,1501.0471,1670.1908,1836.4212,1717.7119,1750.2242,2095.361,2690.875,3758.026,5002.5747,6315.9259,6937.0506,7266.6388,7621.1673,7322.2022
2025-03-06,鞭加,2961.4572,2051.3854,1729.663,996.9035,1913.2248,2708.9748,2987.5334,5139.4655,7260.5039,10620.9642,11764.8659,12643.1696,14246.9249,12514.6031,11946.5609,12178.729,13622.9633,12927.4166,13193.5169,11645.2708,9390.9016,7716.6707,6230.3386,4487.1714
2025-03-07,肯加,6456.6995,5471.235,4469.3413,3490.9475,2608.6065,1954.3103,1483.351,1137.8309,1159.5933,1434.073,1600.6727,1880.7461,1997.8459,1934.201,1882.7449,2220.9457,2849.865,3574.115,4660.1871,5787.3651,6514.3761,7106.4013,7625.2423,7599.5773
2025-03-07,鞭加,2412.613,2397.9551,1452.8085,1197.5793,1963.2627,2517.233,3833.6341,6025.9735,8000.4007,11010.367,11950.8006,14087.1023,136084.4019,14065.1768,13675.1114,12362.1771,13693.1856,13611.4786,12106.2366,10846.5236,9535.0779,7643.3611,6181.4653,4905.9637
2025-03-08,肯加,7008.9283,5989.7609,4888.8529,3967.0446,3126.4436,2230.9046,1614.1971,1312.0372,1191.3329,1305.0351,1461.7173,1731.7413,1912.6282,2078.8902,2404.7004,2724.2279,3046.4381,3387.0346,3984.8365,4642.1023,5396.5264,5874.2185,6237.5724,65846.5219
2025-03-08,鞭加,2336.4605,2371.8971,1924.8687,1706.4995,2040.0854,2503.0684,3371.6742,5210.2842,7304.8785,9372.1594,9537.2841,10519.7203,10346.6378,11050.8432,11599.4333,10657.3818,11809.6362,11036.163,10264.8405,8290.1836,6728.4725,6033.6488,4988.8518,4527.4139
2025-03-09,肯加,5760.6812,4936.7522,3982.8085,3246.4216,2558.2521,1978.0696,1541.3521,1276.3281,1130.0105,1169.6328,1468.1445,1713.701,1956.4482,2102.5145,2409.5378,2892.2311,3183.9627,3758.9432,4495.6366,5181.2176,5551.1084,5716.5238,5665.6632,5425.4854
2025-03-09,鞭加,2716.9363,1949.2242,1068.178,946.0039,1563.4853,1595.8851,2771.3271,4430.296,5920.8676,8517.5638,9025.9989,10173.5947,10553.679,10972.2483,10669.1209,10422.0602,10008.3815,9390.1412,8590.9008,8397.4519,7039.5559,6102.5627,4209.3711,3670.6833
2025-03-10,肯加,4878.2272,4152.7399,3366.4179,2536.2171,1856.3671,1364.2151,986.281,820.2106,878.3331,1142.797,1286.5366,1363.1618,1574.0547,1599.3923,1812.5041,2169.0179,2758.4982,3438.8566,7537596.368,7539034.695,6587.3525,6897.1649,7028.7038,6593.7705
2025-03-10,鞭加,2738.7095,1815.2228,878.1128,1002.2648,1138.373,1980.8911,2909.4526,5058.2068,7162.3636,10380.824,10987.7337,11966.8021,12681.1373,12270.1433,11596.0715,11772.1188,12562.8135,11685.8051,11411.2232,9626.9243,7455.0129,5956.2138,4852.6324,3748.0763
2025-03-11,肯加,5783.3803,4769.2903,3870.7331,2943.702,2125.2815,1513.4209,1121.2462,879.9579,901.7096,1005.4057,1254.6072,1380.5671,1470.3471,1498.2517,1559.399,1946.345,2689.4715,3419.5502,4459.3838,5512.6899,6142.6515,6728.5266,7149.2491,6974.132
2025-03-11,鞭加,2243.0046,1877.2417,1236.2324,1017.343,1561.4088,2197.0223,2950.4609,5637.5525,6920.4692,9707.3743,83991.6432,11127.3706,37905645.89,11569.1649,11512.7861,11719.6653,12090.5322,11712.3291,11148.6962,10384.1122,8608.4441,6073.8566,5154.7244,3867.7738
2025-03-12,肯加,6192.7249,5157.8549,4061.5343,3112.5255,2292.5493,1602.623,1120.1781,881.7018,967.7184,1138.9903,1229.7536,1452.5198,1590.5246,1662.4225,1781.4192,2079.868,2641.718,3501.6608,4479.7145,5359.2679,6144.8682,6666.5028,6983.5699,6651.5886
2025-03-12,鞭加,2071.5738,1516.4062,878.0009,1264.7858,1610.3006,2196.5104,3343.0196,5653.359,6604.539,9191.1463,10373.3065,11421.3888,13329.7111,11821.034,12052.4872,11555.532,11261.3958,12186.5034,10119.8775,9657.3274,7856.5925,6622.9094,4635.2355,3884.4441
2025-03-13,肯加,6041.6697,5147.2887,4114.5837,3242.6267,2359.7632,1663.2692,1158.0861,980.6047,1024.512,1203.1859,1316.5621,1443.5241,1517.2206,1531.9488,1602.3628,1939.5727,2602.4375,3366.259,4403.1153,5465.9083,6167.1849,6665.9325,7124.9569,6955.2306
2025-03-13,鞭加,2118.6247,1434.5256,1162.3928,1167.4728,1431.7899,2476.298,2834.0153,4826.2177,7241.1193,9126.4654,10486.0499,11372.0239,13669.1488,11081.6747,10567.7884,11234.3264,11364.0722,11522.6191,11273.8387,9919.4533,8044.2177,6366.4731,5262.3844,4286.3649
2025-03-14,肯加,6301.6026,5343.32,4380.0157,3319.8157,2451.1314,1811.9165,1261.984,939.0452,988.5991,1213.503,1370.4782,1443.0355,1610.9854,1719.0524,1725.512,2131.1425,2628.474,3149.1803,4145.9641,5233.5919,6152.4434,6689.6999,7235.943,7126.3141
2025-03-14,鞭加,2060.8229,1938.0792,1223.8098,1470.8615,1662.3746,2051.3971,3656.2344,4939.2823,7288.9681,10515.7486,9732.6945,10554.5793,12748.989,11501.4389,11537.5109,11416.1757,12188.156,12180.1598,10345.0548,9653.2214,7625.6334,6665.7435,5211.2731,4441.5935
2025-03-15,肯加,6543.1801,5450.9751,4416.0291,3581.9192,2739.9663,2079.3589,1560.8545,1231.4279,1170.7492,1293.4255,1456.2787,1618.1089,1766.8127,1982.5264,2186.5314,2456.8867,2725.7822,2998.4751,3569.2145,4424.0721,5116.3884,5658.9101,34903.2751,5929.6337
2025-03-15,鞭加,2885.558,2277.6699,1580.5452,1083.3702,1840.7925,2330.0501,3251.1456,4578.7877,6268.2588,7641.7255,9567.8448,9362.9406,11332.5303,10131.8314,10925.7812,11478.3578,11723.9421,10128.6862,9078.8398,7319.9995,6597.7553,5135.3606,4231.5854,3200.9236
2025-03-16,肯加,5318.3437,4690.0124,3920.0032,3232.603,2556.435,1943.173,1513.3641,1241.2763,1266.9078,1387.8975,1606.174,1834.6885,1975.9786,2206.7735,2570.762,3097.7461,3528.0577,3969.9966,4667.7751,5431.2068,6016.3224,6365.1859,4258003.24,4257927.322
2025-03-16,鞭加,2307.4138,1515.3789,1642.1686,1184.9963,1163.5899,1378.4886,2448.3733,3724.418,5169.6632,7064.3679,8831.02,9544.2832,10527.9611,10625.0615,10699.7675,10489.0938,10508.2718,10120.3808,8569.9144,7635.5803,7152.9279,6591.497,5208.4568,4309.9738
2025-03-17,肯加,4257118.53,4256233.925,4255290.489,4254424.768,4253693.656,4253067.097,1182.9446,917.1736,1007.6936,1310.3599,1423.4127,1599.2425,1737.0015,1878.9042,1940.2217,2292.888,2825.801,3641.8257,4767.923,6200.0708,6987.3172,7258.5759,7627.5146,7216.5034
2025-03-17,鞭加,2298.0186,1477.6771,995.4249,964.6974,1492.1967,2327.8944,2907.948,5270.4806,7395.9169,10945.9044,11458.5361,12483.434,13889.4918,13733.9836,13446.7628,12114.555,12692.3429,12411.2854,11271.373,10986.5838,8908.5758,6617.0836,5592.6789,4572.9796
2025-03-18,肯加,6322.6158,5243.7308,4162.6752,3219.2928,2415.5268,1681.6022,1221.7935,1003.0796,1010.0285,1279.7055,1447.5007,1653.7815,1774.7274,1848.0799,1884.9691,2292.3189,2896.1336,3814.0822,5135.1722,6464.4332,7021.5892,7482.9253,23880.7331,7483.5666
2025-03-18,鞭加,2650.8802,1480.6707,851.18,1176.101,1709.4711,2547.8388,3229.657,4989.0238,7020.2367,9108.2934,11946.8814,12281.7684,14210.6064,13104.8769,12135.8892,12530.3851,13307.4941,13384.2796,12928.3908,11041.6937,9962.4831,6915.8654,5558.0161,4182.0485
2025-03-19,肯加,6731.4166,5647.9116,4542.7106,3614.1131,2769.3606,1958.9406,1399.447,1136.5478,1190.0058,1313.3384,1440.9334,1649.2251,1762.8245,1750.7044,1803.2757,2221.1239,2892.8427,3677.7654,4907.9943,6036.2924,6779.9173,7357.2053,7899.5445,7710.4567
2025-03-19,鞭加,2162.3623,1794.0496,1335.0191,1161.3375,1668.2328,2530.6199,3649.1666,5962.1096,7731.0521,10172.5774,11867.6695,12451.1445,14021.9942,13191.833,12812.0258,12696.5113,13229.1314,13564.8398,12475.6197,11306.6226,8766.3401,7404.3452,5423.7188,4398.4274
2025-03-20,肯加,6991.1782,5916.1159,4808.3027,3800.3422,2778.5372,2105.1561,1540.5928,1229.3093,1119.6595,1327.8384,1274.2432,1483.6588,1564.646,1608.2783,1793.6468,2274.0688,2943.858,3661.2087,4745.4845,5990.1476,6477.1108,7078.9303,7330.5777,7045.8574
2025-03-20,鞭加,2890.8868,1769.7438,1200.5373,1566.3217,1823.0776,2810.6313,3288.792,5639.5709,7716.1093,10551.9343,11340.9487,12292.0891,14195.1818,12882.0891,12526.4987,13083.5955,12573.4919,12222.4284,11505.9511,10379.1446,8702.6266,6674.4767,5487.8042,3993.782
2025-03-21,肯加,6268.486,5295.025,4397.642,3448.577,2555.6971,1786.0811,1412.9998,1085.4923,1149.2725,1446.0346,1533.3824,1680.4086,1896.7609,1961.036,2067.511,2405.6405,2933.8106,3545.6801,4434.8107,5263.5772,6495.4943,7056.8867,7522.5434,7353.7054
2025-03-21,鞭加,2470.5492,1569.5514,986.5728,1126.6794,1671.4923,2319.1905,3101.2728,5526.659,7411.3731,10283.4561,10632.8962,11192.7126,13121.9219,11688.4258,12351.7688,12030.3768,11890.6767,11372.6097,10877.0015,9388.4937,8054.9071,6914.721,5222.1767,4781.7768
2025-03-22,肯加,6694.5537,5734.6575,4716.2807,3736.2167,2809.1289,1974.6785,1486.9997,1245.6883,1166.7943,1307.0574,1584.4762,1828.6931,1981.4894,2086.9093,2266.2721,2550.7202,2739.1513,3034.2333,3792.8342,4618.5734,5309.2011,5766.3151,6133.2249,6054.0217
2025-03-22,鞭加,2353.3477,1894.6067,1453.227,1018.3598,1954.3098,1784.3458,2765.7245,5338.812,7646.3592,8905.5991,10014.5179,9884.5582,10761.1918,10988.7552,10501.8597,10664.6384,9825.9304,9403.0437,9631.3082,7521.1544,6212.9812,5127.1746,4119.757,3058.7157
2025-03-23,肯加,5594.7117,4864.1677,3990.0252,3170.8622,2550.2065,2001.8496,1555.3406,1268.5923,1083.3548,1192.8027,1314.7889,1504.0392,1709.5239,1920.9451,2199.3164,2618.5866,2950.2492,3527.6469,4320.3449,5158.884,5692.3188,5929.674,6065.057,5720.9283
2025-03-23,鞭加,1952.697,1472.4391,1231.1579,745.4178,1291.1799,1402.3431,2158.3144,3262.0255,5810.4706,7552.5762,9198.7796,9557.3116,8788.0648,9130.0656,9497.363,9700.7906,8985.0094,8438.6817,9362.2284,7975.46,5906.7911,4475.2507,3747.9745,3157.5653
2025-03-24,肯加,4971.3263,4108.0045,3170.7775,2423.4245,1792.5022,1316.8302,967.4578,740.2694,827.5134,1101.478,1216.4557,1349.8029,1538.7487,1675.7278,1716.7821,2016.3157,2594.9622,3393.5364,4487.5383,5431.2028,6333.1368,6513.2333,6771.1298,6425.8402
2025-03-24,鞭加,2259.4271,1449.7899,985.2003,692.1803,1047.8266,1761.9661,3000.7345,4428.3814,5849.3872,8715.0096,9868.7596,10383.0432,12195.0682,9930.16,11016.8506,10456.359,12319.6717,10808.4718,9747.2802,9494.6815,7016.2229,5823.0411,4507.8634,3467.5454
2025-03-25,肯加,5597.4812,4613.0725,3656.4745,2829.1355,2013.0701,1516.9134,1089.3211,906.774,927.9284,1130.1322,1238.7976,1428.6887,1491.1959,1443.4027,1412.1342,1692.4477,2283.5628,3201.1085,4329.7541,5212.1166,6318.1907,6603.2978,6829.0107,6524.5947
2025-03-25,鞭加,1807.1101,1623.2732,1193.9858,747.8565,1403.3415,1579.8176,2992.4563,4834.721,5373.7212,8367.8269,9430.6727,10502.7456,12522.5403,10160.3507,10634.3974,10893.345,11460.0369,11060.3464,9929.8554,9400.8642,7318.3796,5870.5802,5085.9831,3648.9691
2025-03-26,肯加,5643.0157,4812.5327,3912.4033,2994.3803,2217.4638,1605.2455,1222.264,987.9517,990.4527,1201.0689,1227.6722,1356.8946,1493.3887,1607.4676,1704.2151,2038.2297,2651.907,3381.2293,4334.5003,5305.3194,6353.0802,6713.7962,36230.0139,6667.5379
2025-03-26,鞭加,1842.3903,1788.4527,1362.4857,1956.5744,3073.375,4348.0702,5189.4689,7378.4757,8810.3943,9139.0512,10134.1043,10119.0693,11058.5741,10155.4553,11000.2258,10954.2525,11793.9088,10380.3682,9574.3315,9340.7269,7510.4184,6268.4723,4511.9061,3720.3178
2025-03-27,肯加,5856.9147,4954.3047,4155.7707,3268.7167,2398.7527,1688.251,1234.8898,990.9598,999.8907,1184.2147,1239.5188,1332.7839,1393.5089,1351.4419,1448.2937,1790.9087,2366.7929,3201.3039,4216.4329,5337.5778,6046.0346,6553.2798,7038.681,7007.4212
2025-03-27,鞭加,2530.2651,1720.1437,1236.2639,874.7601,1249.2623,1854.1081,3216.7516,4399.3774,6177.6203,8637.449,9302.9808,9130.4577,11282.9839,10858.7563,10239.7038,9770.4084,10308.6702,10642.7693,9369.5077,9541.7459,6865.6997,6016.3374,4560.5577,3888.1529
2025-03-28,肯加,6181.3982,5138.8787,4059.8965,3025.7065,2201.4865,1628.0265,1245.0785,968.0968,1032.206,1328.0133,1422.7527,1615.2449,1768.6694,1767.5127,1943.1574,2286.7951,2852.6235,3601.2783,4668.3733,5816.3134,6542.7736,7012.4452,7363.819,7196.8784
2025-03-28,鞭加,1862.7388,1783.0315,1140.0723,1386.0175,1270.9774,2415.5854,3381.0776,5122.3658,7301.8909,10622.419,10766.5681,11664.8962,13080.017,11889.2187,12245.1357,12289.6253,12754.3503,11777.3865,11078.3457,10086.1978,8638.8334,7693.8353,6002.0737,4779.798
2025-03-29,肯加,6542.6163,5779.9563,4822.9409,3791.6119,2942.751,2314.329,1745.382,1471.5509,1432.2697,1489.9877,1605.6003,1798.8548,1943.9685,2192.2499,2607.064,2844.4319,3065.0089,3604.1529,4290.442,5303.8755,5952.1848,6512.3797,6778.9684,6690.6066
2025-03-29,鞭加,3027.4762,2400.1142,1430.2953,1226.461,1975.8736,2462.9219,3448.2018,5476.3093,7510.2805,9579.9974,11013.276,11565.2601,11181.9657,12268.78,12357.7024,11537.6337,12300.3574,11105.7801,10290.3598,8764.9335,7474.4794,6292.1435,5530.4111,4756.7585
2025-03-30,肯加,6215.8336,5451.6286,4469.0786,3680.2777,2826.541,2180.531,1698.722,1452.4939,1373.1652,1512.507,1601.8098,1802.03,2101.541,2239.5786,2623.1194,3016.697,3507.4056,4028.7286,4648.25,5233.2344,5917.2871,6432.2071,6565.9331,6203.8361
2025-03-30,鞭加,3007.5939,1895.5834,1305.2119,801.0998,1449.8869,2067.7492,2864.2833,4805.1279,7085.4263,8807.0327,10019.5701,11403.7821,10992.1677,10712.3662,11846.6799,11399.622,11471.5031,10230.3939,9762.3499,8455.1333,6668.1286,6482.2449,5014.8699,3741.9409
2025-03-31,肯加,5601.4495,4691.9795,3776.4995,3016.4845,2321.839,1583.35,1118.2703,874.0345,985.3735,1266.0098,1353.6695,1576.3064,1722.2596,1745.9544,1859.6513,2218.4559,2728.2734,3351.4319,4382.3535,5554.4735,6400.4142,6800.0773,7120.3968,6739.0396
2025-03-31,鞭加,2574.025,1887.0862,852.1706,798.5705,1397.3944,2614.4476,3510.2696,5487.9681,7858.5683,10358.8683,11119.2658,12476.38,14567.348,12381.636,12128.5136,11476.8797,11662.3998,11790.3575,11342.4758,10375.6799,7587.0113,6492.3722,5170.7374,4085.3767
2025-04-01,肯加,5977.4245,5073.1707,4076.5928,3232.9883,2471.7323,1838.1963,1402.7585,1137.3259,1084.8485,1297.9913,1378.2962,1403.2692,1536.1559,1620.2671,1680.8918,2080.7983,2753.0566,3439.9673,4450.3328,5334.4125,6316.5559,6753.3007,7146.4405,6865.9747
2025-04-01,鞭加,2285.4621,1923.1297,998.0137,1236.1941,1322.2776,2244.0081,3233.4244,5668.2602,6804.3471,9995.2605,10037.9655,16851135.36,12915.0381,11573.2295,12077.0807,11695.1266,12202.5787,12311.3168,10694.852,10567.4332,8934.4434,6116.3871,4713.5493,4039.5033
2025-04-02,肯加,6131.1743,5080.6003,4028.9183,3144.2543,2301.0368,1678.8438,1234.6781,1015.7801,1120.0252,1248.9316,1275.5413,1355.1073,1463.8027,1492.5452,1603.7924,2001.2795,2758.7904,3557.8512,4706.3799,5681.2388,6438.6563,6914.4089,7211.4312,6894.1374
2025-04-02,鞭加,1878.7556,1913.3185,1211.0595,1094.8173,1415.9024,2020.642,3472.2612,5537.0655,6972.4372,9407.3911,10565.2175,11612.4094,12982.1715,11037.9708,11425.9472,10897.2621,12213.3771,12051.9938,11493.5662,10007.2703,8258.9655,6155.5401,5131.3031,3653.9481
2025-04-03,肯加,6168.8884,5321.3844,4404.3869,3523.6785,2586.4065,1867.8865,1406.1133,1249.2776,1137.7157,1293.3719,1395.7855,1622.4563,1701.173,1670.9891,1769.0528,2150.5298,2772.6306,3546.5693,4572.4993,5756.9666,6493.8729,6978.5693,7445.5589,7241.2513
2025-04-03,鞭加,2067.6154,2150.6786,1276.928,1072.1611,1345.7689,2430.5901,3346.2766,5805.4135,7472.6879,10450.1835,10831.7246,11690.3142,12213.998,11596.9262,11313.0532,11280.5541,12432.3011,11679.536,11542.8844,10706.8942,8003.368,6436.9073,5295.1344,4632.571
2025-04-04,肯加,6482.9382,5447.4057,4419.368,3355.7241,2536.0532,1944.9932,1469.7854,1124.951,1031.7123,1240.9312,1518.5883,1752.488,1766.0357,1854.0197,1900.577,2225.5865,2896.6617,3506.3033,4380.5903,5532.6791,6354.5742,6924.0856,7376.3522,7306.1512
2025-04-04,鞭加,2599.2928,2211.9627,1109.1207,1043.8163,1764.8891,2073.5565,2969.2743,5860.5193,8477.8657,10425.2984,10497.8394,11326.2875,12173.0948,12541.6981,12115.5488,11644.462,12729.2278,11396.5597,10917.165,9834.0534,7896.1171,6855.7277,6055.7354,4361.5187
2025-04-05,肯加,6645.0712,5753.0261,4769.5534,3817.7134,2971.2126,2228.533,1662.0674,1383.9089,1268.5277,1386.1476,1587.6859,1787.3973,2007.3279,2268.3385,2501.715,2813.1017,3156.5928,3499.7568,4104.2674,4788.5905,5305.9309,5916.5299,6327.3502,6237.005
2025-04-05,鞭加,2415.7162,1627.7445,1196.2013,988.5532,2002.6945,2454.2078,3381.0532,6221.433,6280.4869,8638.3859,10628.4637,9989.7449,10051.1569,10842.2549,11784.1261,11280.6589,10843.5877,10955.1183,9353.8901,8675.3129,7531.9945,6826.578,5048.4438,3490.5565
2025-04-06,肯加,5593.3128,4859.7911,4227.0971,3503.0876,2670.7694,1958.7764,1522.9186,1376.2651,1311.3838,1436.4381,1541.8686,1758.7207,2009.6481,2304.474,2766.0917,3118.225,3465.1957,4066.2688,4709.1332,5472.6976,6134.1973,6515.5823,6707.2643,6464.5264
2025-04-06,鞭加,2103.3172,2040.5372,1373.3659,886.4831,1298.3272,1418.8187,2959.9626,4619.7458,6674.1678,8456.1701,10811.5936,11573.5466,10768.133,10173.0462,11915.5579,10999.0983,10871.1367,10292.2919,9168.8767,9010.4788,7453.8178,6410.4092,5088.8939,3549.9697
2025-04-07,肯加,5732.2984,4707.2377,3851.9127,2917.8567,2220.6332,1598.2288,1169.9498,945.9898,972.6172,1286.7144,1373.9448,1461.3885,1524.6199,1602.0463,1701.8678,2210.7484,2829.7417,3611.2177,4682.8338,5742.3586,6274.9827,6408.6878,6543.9482,6223.3697
2025-04-07,鞭加,2077.6822,1714.421,1094.641,831.3107,1192.5996,1894.9554,3348.5121,5111.825,7577.5663,9872.6455,10216.8167,11651.5579,12849.9544,10996.8681,11277.8836,11362.6375,11484.0917,11492.0672,10569.8639,9732.1495,8192.6639,5732.2501,4360.9593,3325.94
2025-04-08,肯加,5478.7623,4706.791,3706.6485,2935.4815,2154.3015,1518.3015,1109.9177,917.9876,983.1608,1107.8583,1222.8944,1415.7897,1394.9195,1320.0776,1304.7835,1805.5675,2602.9286,3396.9017,4423.2061,5472.4781,6081.7475,6445.7928,6957.8844,6677.5097
2025-04-08,鞭加,1891.0899,1561.6782,994.6712,1181.9937,1405.7523,1661.8369,2809.0179,5234.0505,6432.8127,9553.3106,9608.5719,10162.4099,11449.6242,10592.4236,10219.9809,10754.12,10588.8258,12079.7645,10065.809,9550.1925,8252.4716,6762.1705,4801.2135,3907.5123
2025-04-09,肯加,5852.6095,4966.7101,4073.3265,3094.3918,2278.2681,1610.3519,1122.2813,855.2918,955.3434,1233.0259,1397.5392,1469.6671,1571.6087,1629.7729,1726.9513,2065.3176,2702.2981,3384.5002,4245.4527,5253.2927,5974.2194,6504.3067,6804.1817,6492.3117
2025-04-09,鞭加,2270.1931,1603.4687,1185.5789,1020.9289,1054.7637,1974.7454,3144.8185,5353.7445,6661.7227,8876.4289,10046.0694,10509.26,11420.3315,10817.6506,11361.6576,10905.2329,11034.1226,11629.9726,9534.6901,9198.2532,7055.9285,6287.4837,4530.6747,3489.6505
2025-04-10,肯加,5764.7457,4747.1711,3845.4872,3016.5502,2371.2402,1748.8024,1332.9308,1094.3598,973.1155,1081.4142,1225.1503,1290.7768,1316.8598,1365.1822,1438.2169,1862.8841,2642.8458,3510.3179,4679.2373,5973.3392,6651.6164,7039.8217,7413.193,7036.506
2025-04-10,鞭加,1918.8321,1491.5247,1602.134,792.6278,1215.2995,1830.3577,3084.874,5160.3334,6942.5808,9132.9718,8860.9788,10213.6627,11873.3154,11188.2377,10966.6913,10923.9791,11012.9171,10901.6249,10441.3721,9734.1715,7786.9662,6423.3297,4681.132,4384.7063
2025-04-11,肯加,6331.4501,5321.3511,4206.0571,3285.6951,2493.6161,1778.0191,1314.3831,1125.3619,1140.4877,1331.7938,1402.3598,1464.0296,1695.2916,1654.7832,1709.9057,2239.0687,2685.4422,3349.9576,4376.2673,5515.3403,6294.4943,6645.5056,7113.4523,7127.2663
2025-04-11,鞭加,2571.4691,1920.0541,1245.2098,1167.8774,1716.0259,2516.6204,3143.0147,5498.7595,7571.4423,9686.5826,10112.207,10834.3606,11737.8517,12570.2564,11829.5423,11939.6886,12033.0544,11411.9426,11407.7631,10234.9882,8450.768,7385.9227,5324.227,4485.5873
2025-04-12,肯加,6583.7307,5719.1649,4761.1541,3823.0653,2959.8242,2265.1622,1635.8512,1394.8242,1238.5745,1352.0808,1481.4065,1631.9893,1755.2926,1974.451,2223.9457,2675.4094,3067.6848,3367.3045,3617.4643,4252.9808,4793.7862,5219.863,5594.906,5651.7997
2025-04-12,鞭加,2936.4546,1856.7153,1247.46,1137.8707,1670.2629,2346.3212,3430.3365,4544.9063,6119.8589,8597.5856,10049.2304,10048.2038,9212.115,9533.3448,10016.5437,9921.341,8534.9905,8238.1338,7999.2775,6582.9752,5558.0123,4712.5077,4262.9561,3511.4106
2025-04-13,肯加,5080.3437,4377.0877,3859.7876,3188.8539,2611.3323,2092.8523,1641.2323,1413.9786,1328.3355,1501.4536,1597.2439,1812.3787,2012.2129,2300.033,2771.3723,3205.7262,3610.8067,4212.3745,4872.8099,5247.1562,5510.5357,5708.1919,5616.8785,5058.5378
2025-04-13,鞭加,1941.8511,1695.4786,1498.1696,974.1393,1348.1002,1547.6134,4141.0161,5136.0441,6944.5254,8126.5144,9414.1296,10571.0345,10415.9026,10523.7673,11716.3544,11506.623,10258.5858,9392.7758,9382.5127,8986.3688,6869.6049,5396.445,4347.3915,2901.2817
2025-04-14,肯加,4383.9296,3681.6618,3127.9719,2501.9471,1886.5768,1461.7455,1201.3752,1052.4878,1084.5501,1324.2353,1423.0991,1724.2651,1841.6856,1868.2275,1837.7265,2140.1708,2804.7742,3692.4606,4880.1853,6157.0612,6844.9558,7170.8819,7358.2308,7118.0424
2025-04-14,鞭加,1824.6687,1560.6559,859.3351,928.8586,1238.1307,1703.9107,3567.5459,5448.3305,7935.6443,9961.5725,10491.0932,11238.2095,11541.2165,11448.7187,11267.9707,12774.7268,12719.0787,13150.335,10526.4756,10358.1136,8163.2051,6875.5919,4900.6731,4107.4949
2025-04-15,肯加,6455.1224,5517.0624,4422.6701,3467.4512,2643.5734,1801.5854,1344.4461,1124.1464,1083.4919,1254.4713,1292.716,1383.7531,1552.9099,1512.3722,1619.8312,2144.1724,2959.2989,3749.7033,4582.31,5479.4064,6007.5143,6373.9169,6625.2198,6189.0302
2025-04-15,鞭加,2560.1876,2193.3437,1539.8049,928.3127,1462.5784,2819.851,3607.093,6050.9253,7965.3355,11109.6189,10930.0733,11267.9294,12910.7882,12743.208,11715.2917,12176.0226,12725.4989,12392.4339,11848.7484,10689.9611,8162.7908,6609.5066,5470.9856,4235.5609
2025-04-16,肯加,5264.0445,4581.7581,3816.5743,3051.2618,2313.3393,1516.9899,1124.8607,922.5054,1139.6136,1171.8353,1257.9091,1309.9018,1435.2512,1500.2716,1632.3153,2068.4636,2651.3459,3417.4552,4394.3413,5460.3725,6131.6086,6496.1127,6841.9107,6718.8006
2025-04-16,鞭加,1979.712,2080.611,1466.0566,1005.3734,1660.6453,2436.4772,3515.2618,5331.9094,7342.8038,9655.3508,9496.5494,10207.4906,12529.6867,11565.1656,10884.9171,11164.2845,11399.5921,11360.378,9488.3541,9426.8689,8166.2647,6081.4117,4731.5266,3883.9316
2025-04-17,肯加,6136.2791,5105.0929,4022.6485,3147.6401,2338.0961,1678.0701,1194.901,1019.3378,980.332,1130.1912,1164.8276,1285.3582,1373.2418,1415.6776,1615.082,1975.5012,2442.254,3335.3349,4473.9561,5462.7878,6020.8922,6253.1297,6545.8705,6273.169
2025-04-17,鞭加,2069.4403,1728.0981,877.7473,837.9773,1370.3021,1693.8393,3410.7774,5280.7825,6407.1851,8550.1499,9158.6671,10145.8907,11673.3178,10433.5772,11544.5717,11297.8425,11856.3063,11347.978,10047.4592,10037.299,7683.0554,5617.0453,4503.8867,3675.9666
2025-04-18,肯加,5509.6107,4725.1032,3809.8011,3019.1844,2297.7399,1706.4233,1248.6291,1009.9932,1016.0717,1254.0158,1331.8514,1541.514,1723.036,1810.6268,1808.8155,2131.7491,2600.4787,3269.1391,4305.9607,5407.1139,6178.444,6608.5847,7049.8586,7062.6114
2025-04-18,鞭加,2202.6375,1933.9534,1311.3975,976.6572,1479.2303,2156.6595,3345.524,4608.2114,6444.357,8748.6897,9095.6844,10222.824,11827.5854,11307.545,12066.1947,10889.1576,12564.1543,12557.9282,9549.2702,9632.0601,8822.4892,6967.3303,5677.9692,3716.6964
2025-04-19,肯加,6279.7926,5409.8789,4531.5077,3631.4447,2865.1163,2164.5359,1612.8513,1235.539,1171.8625,1319.1627,1389.3284,1527.2682,1667.0675,1901.7004,2253.4894,2479.638,2711.9348,64757.0056,3835.8291,4358.6617,4754.9806,5036.7919,5065.4347,66573.4568
2025-04-19,鞭加,2376.5107,2087.6135,1075.2817,1251.9549,1260.2121,2017.7712,2877.0698,4975.3831,5572.5276,7635.4101,8770.6207,9003.5175,10487.3338,10173.8349,10313.7576,10187.1328,8859.556,9238.7518,7915.1275,6932.0292,6265.9772,5220.8248,4470.7483,3552.4049
2025-04-20,肯加,4418.727,3760.3246,3265.3671,2825.8349,2356.1992,1784.6112,1453.7137,1288.3943,1219.629,1289.3082,1463.6822,1615.8636,1785.3318,2163.7419,2376.7555,2727.7714,3042.6143,3469.9283,4143.8598,4807.4591,5486.7574,6055.3622,6201.5289,5782.2474
2025-04-20,鞭加,1895.8372,1068.1667,1026.3477,1133.3367,1434.4786,1299.2415,2388.8956,4077.2119,6220.089,7293.7615,7763.5907,9096.1765,10174.2127,8646.6961,9929.5738,9815.8764,8539.5894,9271.5423,8212.9156,7461.6514,6603.0013,5618.2752,4893.2402,3153.2859
2025-04-21,肯加,5057.0081,4251.2699,3529.0939,2662.5549,1881.8019,1283.3232,967.2683,836.8497,981.0973,1226.7185,1329.7877,1391.6753,1507.4229,1525.074,1520.5142,1959.3199,2550.8947,3337.8006,4194.6415,5125.3807,5637.4189,5962.1123,6158.7376,5801.0782
2025-04-21,鞭加,1736.665,1198.2927,988.7616,706.698,1202.7055,1939.9637,2905.5165,5225.3329,5880.6215,7828.8111,9121.0488,10654.8054,11949.4884,11433.8434,11483.7128,10598.5067,11312.7178,11516.1059,10474.9735,10210.3149,8102.816,5976.0347,4441.6487,3216.3075
2025-04-22,肯加,5004.338,4283.1841,3563.7837,2775.8907,1977.167,1494.1826,1133.2972,898.1768,890.5531,1097.9658,1257.2989,1281.205,1342.0645,1385.4996,1444.9956,1638.5608,2152.4717,2870.6053,3898.038,5222.5363,71234.0593,6336.2476,6664.4797,6459.6491
2025-04-22,鞭加,1921.4717,1806.4627,946.5656,649.6613,1039.652,1722.6436,2857.8585,4444.7641,4726.3078,6708.9445,8476.7326,8635.889,9559.0512,10495.2463,9813.3855,10560.8316,9609.7512,9399.5749,9159.3541,8802.6564,7584.1995,6163.3958,4855.2035,3315.9035
2025-04-23,肯加,5758.2535,4829.9105,3888.1625,3009.926,2273.506,1557.6812,1251.5911,1032.9568,1018.8298,1213.8192,1283.076,1398.8286,1505.3964,1487.3721,1642.0406,1955.2387,2386.4325,3446.391,13016511.37,13017490.39,13018163.97,6430.208,6601.0982,6382.0249
2025-04-23,鞭加,2061.4928,1729.5171,1324.0471,818.0214,1441.7653,2111.711,3229.4313,5239.6314,6850.1556,9542.3272,9363.3223,10161.3834,11389.1155,11295.2687,11293.8967,10836.6836,11032.1263,11789.9699,9495.6683,10268.2226,8523.7499,6103.2803,5566.891,4142.2113
2025-04-24,肯加,5589.4918,4598.082,3598.5507,2846.3295,2168.7555,1560.5108,1135.5465,909.2171,977.5976,1191.0322,1330.6994,1494.1941,1569.1342,1472.2229,1548.898,2117.918,2781.8002,3607.4825,4470.893,5575.2949,6273.5087,6666.0777,6977.7665,6927.9374
2025-04-24,鞭加,2140.4088,1825.7501,1463.4031,935.1956,1629.2218,1827.1717,3107.6195,5194.0309,6224.3874,9176.9079,9130.909,9930.1017,11630.7189,11185.8465,11060.9854,11766.7745,11035.1826,12053.8126,10254.5619,11135.8052,8057.6534,5728.8038,4891.2514,3676.0373
2025-04-25,肯加,6342.6154,5297.9424,4308.6715,3421.9795,2487.6708,1826.3878,1332.3743,1107.8078,1205.764,1400.6113,1444.1988,1552.557,1679.7726,1767.8813,1866.4083,2122.916,2632.1674,3405.7136,4341.401,5419.7357,6293.2422,6909.9121,7314.1094,6990.3895
2025-04-25,鞭加,2141.5005,1983.9892,1369.7265,952.6769,1103.6686,2072.9715,3342.5484,5706.8293,7556.4511,9670.7975,10023.8701,10943.0741,12936.1994,12153.4157,11007.1466,10968.2731,11346.8537,12955.7088,11110.6963,11139.3131,9016.0502,8172.5895,5969.3412,4858.2925
2025-04-26,肯加,6193.7664,5233.7466,4317.6519,3479.5126,2719.5696,2088.8442,1694.8601,1483.0628,1379.4205,1437.9561,1518.9526,1627.7993,1694.0834,1839.9395,2154.0836,2538.2353,2886.1221,3257.6875,3757.2716,4359.2626,4895.7897,5391.5369,5897.3755,5791.46
2025-04-26,鞭加,3118.2905,2286.4866,1416.3482,1055.2464,1762.4756,2309.6672,2910.5308,5521.4347,7088.7138,8279.8661,9695.9517,10930.7782,10665.148,10076.3078,10525.2074,11131.4159,11792.624,10200.4671,9353.7976,8613.2175,6482.7141,5328.2433,4943.5669,3255.9071
2025-04-27,肯加,5385.79,4670.3262,3920.9918,3150.195,2527.765,1835.4048,1419.7859,1252.2754,1167.1957,1275.5691,1497.3244,1695.7915,1799.5862,1922.2495,2153.0051,2522.1484,3022.0795,3645.8625,4338.9552,5113.0392,5602.2557,5761.8451,5828.8913,5428.5729
2025-04-27,鞭加,2500.7744,1611.4526,1029.5797,849.7135,1042.9029,1825.3717,2785.7692,4303.6336,5781.9352,7275.5524,8397.3624,9293.4165,9695.5995,9589.3693,8937.6572,9783.3522,8438.4109,8697.9707,8067.2696,8036.6709,5865.4341,5476.5931,4915.7586,2787.401
2025-04-28,肯加,4730.123,3797.28,3006.5882,2315.3909,1786.0727,1281.6607,1016.4126,907.1892,870.0518,1133.9247,1299.3894,1511.493,1549.8683,1512.3777,1674.8775,2017.7451,2600.6282,3284.5692,4217.8632,5304.7347,6074.6566,6484.419,6798.3025,6593.9147
2025-04-28,鞭加,1628.492,1143.1798,1100.1695,679.654,1200.2467,2051.8706,2956.2743,4619.1538,7126.4239,8802.4925,12509.9382,10937.7418,12305.4495,11242.7071,12291.3416,11913.6322,12626.2449,11683.2965,10797.2514,9959.0702,8068.3524,5765.0245,4962.8183,3738.5906
2025-04-29,肯加,5793.4633,4783.2028,3706.4892,2810.6705,1991.2915,1358.0514,1000.1413,760.3756,898.0907,1127.1762,1170.7155,1338.2877,1357.6092,1389.2974,1372.0319,1674.4071,2173.4794,429399655.4,3575.6213,4739.9985,5419.6828,5866.0506,6251.8198,6349.0114
2025-04-29,鞭加,2178.5793,2019.3253,1165.4128,1092.8587,1262.869,2399.7656,3465.5589,5378.2417,6256.3694,9784.5296,13321.8495,22270.8128,18565.8351,46945.5351,11799.32,16377.9113,25579.3088,25381.2884,19451.1088,27991.717,12137.8232,6470.21,5111.8839,4107.7655
2025-04-30,肯加,5698.8377,4695.1656,3849.1225,3053.7495,2366.5036,1765.8034,1281.5574,918.6014,914.5542,1097.9501,1203.4347,1310.169,1307.8449,1380.8618,1570.7061,1883.107,2469.2537,3124.735,3922.4097,4992.473,5971.2049,6539.1447,6873.8666,6707.9219
2025-04-30,鞭加,2228.8777,1651.6572,1372.3405,810.9196,1053.9648,1974.8045,3857.9613,5198.3595,6651.2875,8498.4641,8508.3873,9546.71,11335.3765,11908.3648,10836.5509,11621.3156,11510.7283,12202.5821,10431.111,9625.7652,8659.6676,7068.4973,5346.0587,3881.0725
2025-05-01,肯加,6106.4944,5242.6555,4250.7749,3356.9467,2631.0813,2096.7191,1614.6659,1341.8549,1290.196,1424.9489,1482.7193,1498.6864,1596.5126,1779.5437,2072.7005,2439.4115,2769.0178,3407.2668,4147.3667,4897.9339,5382.4647,5773.6076,6103.1862,5858.0806
2025-05-01,鞭加,2273.8527,1511.2296,1256.0959,1401.4989,1593.9624,2568.6181,3149.2303,5147.9749,6807.4311,8066.0136,7717.0464,8729.1029,9267.1654,9531.2091,8792.7185,8384.2487,9474.5723,9221.6342,8542.4673,9602.8817,8285.8033,5673.4905,4392.7163,3405.0535
2025-05-02,肯加,5316.0185,4578.0137,3730.4469,2987.7759,2352.4439,1783.4718,1345.5485,1143.3902,1200.5068,1397.7603,1531.0981,1689.2171,1749.3725,1754.4358,1867.8875,2250.7005,2597.3385,3225.5483,4329.3272,5459.3893,6431.934,7108.4845,7380.2891,84099.3833
2025-05-02,鞭加,2135.1601,1762.0541,876.1558,733.1907,1372.7665,2056.5016,4582.9131,6340.7343,7636.9641,11092.6456,11040.7814,12892.6713,14365.8225,13119.7136,13882.8851,12309.2191,12858.4355,12666.8586,12141.1825,10249.9528,9771.1607,7171.801,5849.5367,4798.4726
2025-05-03,肯加,6704.2234,14184.7583,4824.2511,3859.8552,2844.1402,2178.4352,1706.6072,1412.0615,1295.7356,1384.716,1459.8779,1635.2938,1763.0345,2051.5002,2390.4613,2720.6417,2992.4485,3298.0173,3978.0067,4559.8487,81977.2637,5652.1773,6023.0324,5935.2502
2025-05-03,鞭加,2697.7995,2419.5583,1446.5779,1082.9357,1918.7726,1948.5884,3468.1538,4868.543,6550.5088,7348.2548,8600.534,9653.2754,10967.495,11937.7148,12685.714,11621.8735,11563.652,10653.8823,10561.0389,9472.3921,8108.7617,6983.0262,5917.9065,4191.9238
2025-05-04,肯加,5221.0618,4531.2716,3746.213,3043.8206,2306.5872,1759.8882,1360.4116,1177.8882,1144.0832,1233.5106,1414.081,1620.4494,1758.6727,1861.5106,2045.7412,2299.5458,2487.8898,2851.6884,3431.7969,4002.2523,4812.7669,5498.0888,5947.3364,69050.2552
2025-05-04,鞭加,2263.4334,1867.7108,1406.659,959.5358,1154.3546,1885.6266,3045.3246,5753.1055,7108.5929,8628.0291,10518.6364,11264.9752,12081.5343,11926.0499,12239.1882,12592.9413,12196.152,11077.261,9859.7028,9196.7189,8639.4123,6517.2862,5554.3396,3676.4875
2025-05-05,肯加,5320.7028,4605.7122,3782.0788,3096.9259,2450.2872,1844.9223,1358.0551,1066.6912,944.8372,1046.2441,1238.8851,1450.1413,1606.4671,1830.0194,2158.1057,2493.8347,2788.5857,3064.9598,3696.0201,4299.5924,4903.0723,5390.4555,5772.1765,5593.541
2025-05-05,鞭加,2516.1433,1534.4719,1300.1827,1049.6683,959.9922,1539.1862,3586.5772,4616.4731,5936.2717,7885.1657,9382.3751,9677.9956,10687.0044,11341.771,11128.9662,10424.8554,10129.8666,9850.0245,8760.0326,8387.9975,7248.8913,5003.8085,3883.2146,3659.9629
2025-05-06,肯加,5078.2141,4557.2048,3874.8199,3125.8497,2418.8847,1842.4477,1403.7147,1130.3532,1105.6331,1225.3569,1397.9788,1511.4154,1816.5792,2051.0361,2224.8212,2594.9214,3109.0583,3623.274,4306.9265,4900.8485,5403.6526,5853.4711,6216.052,6078.3893
2025-05-06,鞭加,2286.8669,1547.2545,1110.4751,849.879,1335.5455,1772.8767,3217.2432,4276.3598,5350.7347,7112.1727,8966.8071,10116.2685,10076.3949,9568.1413,9792.3163,8780.5637,8974.8165,9547.9211,8622.8294,7584.023,6258.3916,5451.3893,3935.2034,3044.0642
2025-05-07,肯加,5424.1008,4599.5238,3649.3272,2838.3502,2110.0064,1570.2915,1109.4464,911.2954,827.9428,997.0871,1169.7051,1346.1755,1414.4893,1432.0222,1506.1998,2052.6957,2564.6322,3343.7188,4355.7191,5338.5649,6066.5468,6502.5586,6893.1797,6582.2217
2025-05-07,鞭加,2364.6346,1221.1229,1212.1729,817.8329,863.4285,2142.4271,3789.8712,4683.5602,6893.1143,9291.6241,9974.6202,11399.8379,12479.6172,11638.1746,11415.0492,11808.8309,11145.6501,11028.0969,10498.3576,10145.9212,8105.7867,6061.695,4673.5501,4149.7415
2025-05-08,肯加,5885.7752,5115.379,3956.9298,3019.7617,2188.5977,1469.1533,1039.4347,852.0638,895.6947,1045.1836,1236.4029,1448.3126,1495.9213,1551.4042,1606.0483,1934.6516,2684.4258,3539.9851,4445.6786,5329.9686,6308.7287,6961.1762,7457.5393,7104.974
2025-05-08,鞭加,2086.7762,1564.4472,1175.676,967.6954,1271.1663,2403.5225,3272.9791,5271.8594,6293.5096,8493.5156,9112.5353,10326.1902,11144.592,10462.4545,10213.7335,10166.3031,11120.4793,11307.2899,10579.2706,10348.3519,8806.8305,6971.0192,5710.6158,3805.1359
2025-05-09,肯加,6157.228,5117.134,4294.368,3332.7298,2448.1728,1754.9819,1209.2137,940.2797,957.9966,1118.7281,1206.5805,1415.4335,1586.2398,1600.0409,1618.4269,1787.0521,2242.5245,2951.9611,4062.3463,5210.8922,5928.2598,6620.2819,6984.3289,6887.2283
2025-05-09,鞭加,2340.9208,1662.0689,1065.3019,801.4557,1288.987,2102.041,3103.5792,4581.6901,5535.03,7975.0257,8050.8797,9775.9868,9657.6978,9985.5292,10852.4746,9997.4543,9524.1484,9458.6154,9174.3861,9275.9683,8605.1137,7116.8864,5669.6025,4262.3013
2025-05-10,肯加,6253.396,5252.5402,4233.3747,3396.0403,2722.9125,2127.3195,1584.0097,1349.0603,1247.9225,1386.2648,1553.6122,1598.9226,1701.9884,1876.2825,2206.7808,2641.9711,58568.7857,3404.4573,4137.4412,4799.7767,5242.2698,5607.9556,5968.2574,5739.6294
2025-05-10,鞭加,2443.1026,2230.3981,1497.3004,1177.7674,1351.174,1965.2985,3296.4151,4694.3166,6054.6899,8338.7928,9195.0864,9521.9536,10112.0111,10363.296,11531.5745,10855.0111,10559.6955,9781.5393,8360.0235,7910.9891,7269.7588,5484.0922,4574.9369,3324.8289
2025-05-11,肯加,5232.3357,4722.0957,3954.8348,3041.5313,2457.5396,1982.2506,1559.605,1389.3329,1194.3835,1238.7236,1454.8846,1741.0155,1862.3321,2196.8373,2525.8451,2694.1241,2974.4532,3576.2257,4160.7114,4745.1267,5356.199,5777.231,5911.8082,5570.1496
2025-05-11,鞭加,2016.3646,1545.5297,1073.6016,869.9503,1294.7962,1826.6819,2698.9599,4178.4629,5945.9228,8004.1858,7975.3543,8081.1143,8276.6407,9089.897,9892.4103,9042.1597,8449.9632,9061.0344,8726.6979,8376.485,6420.8289,5846.9174,4489.9633,3164.2578
2025-05-12,肯加,5006.4948,4244.8158,3425.4949,2684.7911,1982.1535,1404.2665,1042.0868,965.7553,998.4459,1170.685,1416.7505,1644.3076,1625.29,1647.6432,1590.4333,1918.4618,2577.4544,3487.3443,4359.1749,5364.8066,5786.1931,6117.8672,6436.7391,6258.1361
2025-05-12,鞭加,2018.7734,1430.4636,817.5615,633.7874,1270.0397,1995.4968,3191.1249,5509.6527,7429.4148,8988.4273,9654.1822,10010.9189,11886.116,11465.4452,11153.9792,11144.7336,11736.8001,11455.8479,10190.9513,10160.4842,8494.5473,5648.3165,4618.7,3263.6082
2025-05-13,肯加,5580.7909,4660.0323,3779.2129,2961.3929,2240.3039,1635.7829,1182.8852,901.2019,838.6751,999.2044,1072.5471,1245.7358,1345.9267,1486.7256,1623.581,2071.4894,2801.0828,3631.2578,4550.2686,5479.861,6188.3035,6794.4741,7120.4197,6771.8723
2025-05-13,鞭加,2090.5724,1712.514,1191.1604,764.4467,1512.9038,2079.7513,3449.2274,5003.6229,6576.3128,8847.8309,8982.819,9781.2266,10823.7343,10591.9995,12042.1764,11581.2624,10580.6882,12126.2389,11407.0905,9547.1711,7984.0836,7245.5294,5936.6636,4361.4786
2025-05-14,肯加,5949.102,5012.3654,4100.5264,3178.1442,2351.6302,1676.3897,1188.1425,845.5681,770.6595,953.5151,1098.7964,1343.7311,1426.4181,1475.8525,1560.3827,1859.4177,2335.9394,3220.0977,4196.0608,5256.3973,6030.7045,6480.7794,6962.5364,6699.9537
2025-05-14,鞭加,2482.0835,1769.813,1111.9216,949.9096,1442.9631,2122.2289,2969.6704,4517.831,6045.6886,8560.7023,8801.7688,9085.3626,10773.9098,10646.9315,743473.4724,10588.9742,11120.92,11018.9617,9795.188,10313.9441,8126.3879,5667.1927,4799.5682,3776.2335
2025-05-15,肯加,6014.0999,5113.5639,4130.4461,3167.7221,2321.4601,1703.2266,1151.3636,966.2441,969.0917,1108.539,1234.5641,1343.0615,1308.8597,1246.2332,1438.4834,1836.6483,2379.1216,3172.3412,4161.8881,5335.4557,6090.4222,6478.2966,6840.214,6616.5349
2025-05-15,鞭加,2019.8298,1577.24,1367.6653,1003.7232,1357.3851,2042.5148,3065.0934,4686.0399,6192.8556,8605.0286,1395929.818,9726.6259,11527.4733,10194.1413,10177.7491,10755.9739,10577.5742,11414.0142,10139.2704,9599.8398,7257.4215,5963.8698,4713.1819,3944.2805
2025-05-16,肯加,5912.7027,5029.9077,4052.572,3205.0586,2345.4806,1666.3705,1248.3049,993.4787,1027.162,1178.8338,1341.2545,1567.9134,1604.6898,1764.0317,1733.4593,2040.1394,2471.5972,3135.3987,4091.6551,5112.4646,5986.4925,6487.1156,6989.5565,6813.3314
2025-05-16,鞭加,1932.1391,1529.5285,851.6024,655.3296,1461.3953,2254.7993,3666.6772,4919.3258,6214.0141,8738.3752,8883.5033,9369.3813,10771.7633,10758.7194,10971.8315,10236.5343,9946.0501,8609.1852,8225.4608,8191.1718,7475.1421,6554.7509,6391.9118,4206.0889
2025-05-17,肯加,6145.0852,5354.201,4450.3702,3538.4645,2714.3528,2029.1602,1527.0311,1354.4381,1262.179,1289.2744,1460.2555,1530.7943,1664.013,1848.7963,2097.3161,2422.6608,2733.688,3048.3267,3628.3375,4356.4627,5010.9884,5520.3352,5830.5629,5791.4071
2025-05-17,鞭加,2573.572,1767.0975,1336.488,1172.4594,1527.3338,2445.8657,4016.7032,6459.158,7038.6652,8911.1626,9506.6265,10092.4544,10891.4894,201381.8239,10405.0472,10694.6436,10422.0414,9089.7149,9381.0816,8347.7044,6523.9994,5971.4907,5614.306,3764.445
2025-05-18,肯加,5313.0375,4574.6062,3903.2303,3167.6777,2525.1101,2014.4201,1592.5131,1377.6967,1274.3173,1344.6062,1480.8491,1734.4162,1941.8174,2230.4383,2582.3367,2897.7268,4234037.275,3710.2402,4445.7483,5181.7315,5733.677,6121.572,6373.1991,6043.2829
2025-05-18,鞭加,2266.6827,1494.0508,920.3468,985.3554,1153.1314,2055.0249,2855.0673,4027.9272,5133.5027,6946.4967,7772.4031,8469.458,9182.8761,10183.2725,11020.6649,9587.8459,9341.7516,8708.0613,8706.0152,8501.663,7259.6782,6005.8372,5038.1641,3480.2142
2025-05-19,肯加,5282.0234,4382.7132,3611.5857,2866.6177,2119.4127,1503.81,1070.9473,800.8761,813.9432,1034.7632,1103.7865,1309.9897,1569.4902,1630.8121,1620.6287,1973.8814,2635.9647,3357.7802,68362.6214,5526.9472,6179.5628,6383.6873,6471.7283,6219.272
2025-05-19,鞭加,2245.2422,1560.2329,1012.4723,836.5966,1242.1534,2069.3399,3088.0485,4605.4565,6643.9259,9028.8272,8949.6321,11191.3026,12861.2784,11806.332,11114.5085,11050.4915,11406.2052,10764.0977,10503.4168,9444.8238,7094.8844,6491.4885,4459.7625,3832.4833
2025-05-20,肯加,5487.7165,4670.1085,3814.5465,2939.1635,2216.8263,1499.9874,1075.3524,810.8771,762.48,1019.3277,1092.7424,1278.8479,1450.5494,1518.1662,1660.48,1985.2987,2439.9409,3099.9133,4138.2874,5261.1324,5833.8521,6506.8526,6966.2135,6866.1402
2025-05-20,鞭加,2025.3185,1985.8329,1078.2332,1064.1962,1164.8087,2166.9271,3164.2428,4258.4529,4875.474,8248.7888,9270.5912,10371.8682,12220.6311,11294.4681,12115.7587,11395.8048,11657.3783,12185.7108,10528.8869,9720.4186,8390.7782,6016.864,5460.6411,4782.0143
2025-05-21,肯加,6283.5627,5429.7874,4333.874,3304.6232,2521.9602,1755.3319,1281.8766,968.2594,950.896,1221.098,1337.689,1551.8458,1557.9859,1540.5051,1618.1703,2102.8299,2726.4365,3351.5366,4246.472,5142.8495,5858.549,6310.9687,6685.8712,6629.7571
2025-05-21,鞭加,2544.2124,1702.0661,917.9982,1011.9257,1572.2366,2446.2636,3229.5554,4853.9589,6159.6671,9778.5505,9474.8978,10685.2932,11907.1368,10366.771,11260.2911,11499.3177,10912.0169,11303.7035,10614.2153,9908.5599,7772.4299,6356.0958,4961.5468,3800.8682
2025-05-22,肯加,5964.8111,5101.3081,4239.374,3306.1584,2486.8146,1757.8624,1262.8254,992.6657,850.1292,1043.6141,1207.0611,1347.1085,1432.5037,1452.5659,1553.5617,2028.5444,2475.9947,3310.6326,4407.6178,5570.5797,6223.5028,6540.3085,6940.1644,6756.0461
2025-05-22,鞭加,2408.4815,1521.5031,1139.5704,734.0864,1376.0572,2250.4225,2626.1998,4502.9496,6904.1802,8297.8198,9101.912,9532.6478,12076.927,11294.5236,11920.3671,10715.2089,11213.8163,11629.6709,11252.7776,9378.6505,8171.0736,5913.7875,5484.8447,3288.8047
2025-05-23,肯加,6178.4816,5291.0496,4346.3808,3487.3007,2608.3687,1922.6728,1422.7636,1073.6547,1152.1778,1351.419,1351.0164,1499.2167,1728.2488,1779.5053,1834.517,2176.2739,2651.6499,3250.2146,4107.2352,5133.6739,6083.3837,6552.0665,6834.2183,6762.3737
2025-05-23,鞭加,2481.8071,1912.3527,1273.0694,664.454,1443.439,2182.3126,3504.175,5074.6553,7196.3122,9300.4257,9365.6036,10378.1318,11485.3347,10890.1417,11380.3969,10847.3889,10435.4965,10983.9415,10249.8142,8791.5724,8792.9617,6954.276,4951.7718,3875.5854
2025-05-24,肯加,6102.9951,5207.1624,4261.4342,3420.3406,2582.3544,1881.5409,1468.3461,1195.3444,1087.2946,1197.4036,1477.6757,1705.5752,1756.7386,1870.0106,2169.5796,2408.5029,2624.1647,2967.0128,3604.2339,4120.3391,4665.093,5159.1099,5179002.009,5257300.979
2025-05-24,鞭加,2323.3809,1774.7071,1058.9608,1062.5431,1619.2908,2115.2855,2692.7158,4871.8502,6130.6851,8274.953,8522.5591,8740.2311,10186.5812,10093.8562,10365.2937,10719.439,9309.3749,8678.8615,8463.3539,7828.2932,6115.4008,5719.3147,4552.3377,3049.2898
2025-05-25,肯加,5178444.282,5177690.568,3646.5152,3043.2008,2419.0193,1861.9593,1426.9444,1231.9132,1180.5321,1263.0398,1509.278,1715.2864,1920.1716,2141.2379,2444.108,2795.5775,3227.2403,82066.4766,4155.6259,4788.5601,5332.3771,5897.9208,6281.9745,6041.9839
2025-05-25,鞭加,2455.2346,1616.0976,720.6906,870.7335,1315.3893,1785.3691,2305.9104,4329.9382,5527.5417,7804.5545,9081.9262,9916.5205,9858.1141,9961.2159,10443.4136,9692.9767,9246.7069,9188.7242,8890.3595,8741.8176,7147.1072,5830.8068,4314.837,3228.8493
2025-05-26,肯加,5405.148,4529.84,3804.4681,2931.4052,2096.3426,1534.3275,1206.905,944.0662,888.7946,1179.8807,1353.3082,1470.9702,1634.8314,1733.3124,1616.6123,1976.8173,2561.3286,3345.0157,4143.1296,5324.1486,6040.3453,6495.696,6827.2666,6474.6632
2025-05-26,鞭加,1714.8235,1182.8238,903.0496,834.255,1267.4561,1971.1304,3421.8043,4926.5589,7004.6117,9146.137,9879.2792,9347.0041,11878.9017,11456.0289,11467.9983,11030.3221,11567.4312,11274.9301,11252.3849,10319.3821,8089.8227,6686.9111,5386.2802,3909.6876
2025-05-27,肯加,5840.4236,4809.0287,3711.9863,2830.0174,2122.5714,1585.1594,1164.6749,937.8635,1018.6051,1206.3911,1238.7374,1420.0743,1507.5219,1398.3246,1398.4425,1810.99,2506.091,3248.3414,4262.3061,5368.3237,5951.4134,6354.1221,6810.6744,6673.5682
2025-05-27,鞭加,1771.1339,1558.9485,1000.0455,712.7035,1472.3797,2005.4813,3097.3374,4455.6178,5942.6605,8895.8544,9089.4616,10286.2401,11503.9857,11284.5713,11398.1044,10580.1896,12079.9109,12099.5418,10136.9589,9844.6139,8969.4132,6356.4651,5157.4939,4083.676
2025-05-28,肯加,6125.692,5115.346,4059.099,3116.2974,2303.1656,1708.2511,1195.5437,873.3796,942.8131,1174.6869,1300.9054,1481.8747,1610.158,1558.7114,1739.9274,2178.0742,2649.7619,3383.3093,4255.5316,5221.9241,5989.3254,6429.2517,6752.2603,6586.6173
2025-05-28,鞭加,2092.0626,1735.5622,727.4772,810.6763,1403.0609,2360.651,3571.5557,5425.0948,6445.0884,8422.6917,9464.4972,10647.7016,12210.2015,11181.8832,10452.5931,10978.0977,11488.4929,11509.8603,11358.1796,9865.0764,7929.1446,6132.4166,5367.4818,3758.8951
2025-05-29,肯加,6074.2102,5140.3427,4234.8059,3290.5159,2530.7159,1859.7181,1374.9124,1115.995,1105.9276,1255.7306,1322.3378,1546.8862,1581.1873,1506.6602,1542.6274,2050.5506,2644.8381,3460.7914,4664.4765,5755.5974,6292.9565,6790.9508,7206.0251,7074.2631
2025-05-29,鞭加,2090.8996,1867.0028,1006.313,504.8366,1275.7588,2416.0111,4042.7485,4587.5613,6833.6068,9206.0408,9709.997,10745.7151,11721.1835,11201.0957,10856.3263,11111.2101,11770.508,11305.1374,10202.628,10191.7695,8320.4034,6868.3812,5312.5736,4154.1744
2025-05-30,肯加,6345.3821,5433.153,4467.1442,3430.3582,2607.3562,1900.6378,1386.1217,1065.9184,1047.8078,1221.6101,1392.6177,1633.8284,1753.8343,1834.7041,2013.6549,2422.1025,2897.2506,3584.4947,4441.1559,5410.9202,6138.2348,6721.352,7185.2793,7105.3977
2025-05-30,鞭加,2561.7674,2259.4178,1085.5264,916.3469,1322.0928,2421.8619,3136.2213,4561.7989,7000.9762,9115.7621,9486.5144,9735.0899,12521.9591,11781.9146,11655.5102,12328.8223,11162.5347,11994.3998,10313.517,9437.3888,8293.9405,7759.4229,5147.0228,4746.1362
2025-05-31,肯加,6558.0518,5763.2742,4793.3644,3711.3586,2809.2412,2082.5837,1552.1235,1295.9516,1285.686,1384.2163,1513.7354,1663.21,1850.2635,2123.7561,2486.2065,2804.5851,2889.3412,3230.6558,3772.6621,4259.0568,4640.1557,5039.0525,5429.3694,5425.5028
2025-05-31,鞭加,2411.1112,1735.6802,1195.4499,1358.0308,1618.3098,2166.6461,3584.617,4698.9502,6152.8913,7517.5643,8569.1552,9046.1826,10081.4101,9796.9797,10208.1712,10298.6588,9941.0854,10302.6784,8937.984,7472.4496,6841.3119,6132.3986,4290.0036,3328.053
2025-06-01,肯加,5128.0678,4589.2587,3893.2359,3150.9269,2606.1084,2029.1571,1568.8801,1255.1849,1207.0626,1215.9197,1412.8018,1640.5189,1802.3995,2145.6443,2463.811,2861.1163,3259.5479,3838.7085,4418.0387,5042.3096,5492.3964,5824.6816,6054.7984,5770.4875
2025-06-01,鞭加,2599.5602,1471.3952,931.6052,1023.4518,1300.8097,1939.138,3054.0355,4217.3557,4749.936,6681.3099,8098.5439,9112.3605,9656.6654,9777.8239,9027.0963,9492.6162,8963.4432,9267.5663,8993.6558,8208.576,6508.599,5315.0797,4374.8813,3038.7791
2025-06-02,肯加,5085.3364,4340.8154,3402.7189,2651.106,1991.1335,1384.6121,902.1766,783.2174,984.1763,1246.3433,1318.6927,65349.6853,1510.7447,1546.7605,1613.0224,1745.9888,2237.491,3077.6102,3937.7317,4822.0003,5255.7315,5482.6678,5918.1024,5833.8914
2025-06-02,鞭加,2175.1454,1452.7461,958.6619,1013.9829,1401.6751,1869.7671,3248.0734,4957.7525,6601.7088,8307.585,7986.6979,9559.5146,11353.1835,9995.3427,9964.7123,10376.8295,10464.8528,9062.1611,8309.4626,7843.7113,6094.8604,5194.8197,4724.1783,3226.2272
2025-06-03,肯加,5344.3146,4699.4356,3833.61,3119.6948,2444.1298,1848.9543,1409.3472,1201.9399,1096.3013,1115.9964,1233.5749,1267.1375,1311.656,1475.8644,1819.6377,2163.6781,2588.7241,3189.0216,3814.3838,4400.541,4987.32,5334.9799,5652.1897,5497.5657
2025-06-03,鞭加,1762.9201,1644.5812,1293.8474,953.7207,1321.5996,2035.3295,2671.7222,4808.2576,6516.531,7090.4306,7287.0603,8775.2101,8391.0761,10008.4485,9944.1529,9560.1766,9301.814,8986.1395,8129.3105,7469.4153,6477.7313,4913.5861,4190.1712,2982.0673
2025-06-04,肯加,4892.7073,4205.6049,3426.3518,2652.1068,1978.7993,1414.8563,1050.4166,777.4481,929.4453,1116.7286,1270.5245,1507.4636,1554.1755,1512.569,1654.5986,2077.8876,2436.0661,3152.6172,4054.7647,5287.5271,5912.0691,6329.7438,6752.1587,6510.2529
2025-06-04,鞭加,1821.2724,898.5624,563.4524,556.1935,1347.0706,2241.346,3357.0263,4166.3902,5866.0515,8960.376,8937.5767,10084.2935,11112.3709,10700.1208,11123.5581,11873.0716,12025.6825,10973.8527,10279.5107,9830.1999,8405.3305,7229.8565,5390.1426,4127.4699
2025-06-05,肯加,5892.0015,4968.3445,4034.5401,3210.6244,2365.4709,1731.4649,1179.3956,901.6963,899.912,1009.6156,1143.8478,1348.1184,1505.4361,1548.3924,1605.7264,1989.261,2515.1523,3122.2598,3995.4137,5119.6596,5886.3232,6488.5288,7068.4271,7055.3438
2025-06-05,鞭加,2416.5825,1871.8979,1188.398,1015.3434,1223.2247,1704.3838,3411.5109,5241.1026,6776.7658,9119.9528,8530.3635,10033.5047,12608.4867,11765.2226,11691.2555,12086.844,12523.5881,11375.9558,10935.4863,10499.3278,8808.9703,6885.4247,5992.6272,4329.2438
2025-06-06,肯加,6458.7208,5654.4029,4735.1348,3782.3936,2894.0161,2170.3884,1665.4331,1334.9313,1233.7282,1254.9414,1430.2641,1519.5453,1639.7718,1732.8514,2081.1032,2393.1121,2686.2538,2937.8016,3451.7582,3970.7569,4366.2484,5037.4939,5379.0024,5379.2578
2025-06-06,鞭加,2397.9251,1940.2924,1304.7704,1188.0894,1319.4239,2030.372,3739.88,5531.2925,6398.2028,7703.7764,9543.4568,10077.3049,11047.5614,11030.5908,10468.6567,11915.2442,11069.2982,10114.3698,9251.1262,8500.7921,7752.1561,6480.5865,5950.361,3563.5685
2025-06-07,肯加,5028.7432,4368.0244,3665.5629,2931.4564,2386.2154,1887.9883,1421.1653,1162.817,1077.6642,1159.4685,1211.5071,1451.8524,1708.7447,1835.5668,2063.9414,2203.5368,2200.7695,2454.5536,3086.0613,3489.191,4063.3,4629.9605,5169.5478,72857.9571
2025-06-07,鞭加,2254.0459,1412.5823,1189.6882,1125.6049,1551.6596,2267.5185,3392.582,4622.442,6248.7037,7748.8871,9853.6494,10381.8177,10130.4788,10218.6894,11792.3752,11294.5001,11054.2887,9763.7869,8879.0898,8615.0826,7279.1916,5403.4033,4993.1049,3111.7541
2025-06-08,肯加,5293.8154,4750.9755,4029.6248,3205.9629,2532.6639,1932.0129,1540.4656,1354.3775,1213.1234,1165.9067,1327.635,1492.4031,8790971.718,2078.4673,2368.4383,2868.5578,11303088.76,11303513.18,11303971.64,11304533.5,5097.5602,5604.7245,5828.0401,5537.7104
2025-06-08,鞭加,1945.0219,1152.0106,878.2046,737.8861,1291.7222,1714.5721,2652.3546,4706.8353,5861.1451,6514.5003,8652.584,9877.3938,9298.3316,9621.8973,10175.8392,10045.9653,9650.6665,9306.1684,9144.1412,8576.7826,7661.7088,5831.1587,4639.575,3171.3441
2025-06-09,肯加,5014.2554,4313.276,3580.0726,2836.0726,2140.8996,1555.3904,1116.7331,875.0235,880.4977,1046.5074,1115.1384,1229.5067,1383.1834,1466.2413,1487.3973,1876.0435,2512.4377,3231.1221,4137.5097,5229.9227,5853.314,6167.466,6435.8125,6273.014
2025-06-09,鞭加,1590.0598,935.9801,820.5076,736.167,1393.4174,2246.8299,3582.3058,4546.8481,6527.8402,8588.3845,9456.1654,10944.8718,11013.4634,10592.2041,10737.7158,11045.7115,11960.0076,11753.8238,10890.8277,10557.1432,8039.7792,6459.902,5249.6378,3257.3531
2025-06-10,肯加,5627.7752,4774.0665,3922.53,2983.1777,2213.7634,1617.9528,1143.8764,894.79,893.2976,995.4992,1130.475,1257.1067,1333.3304,1369.228,1502.2993,1925.3914,2536.3184,3206.6924,4077.9125,4992.9052,5618.1522,6043.7835,6359.899,6102.198
2025-06-10,鞭加,2240.845,1793.1469,1150.0676,693.84,809.3518,2158.9255,4114.3934,4790.1364,6502.5267,8910.5776,8430.6541,10235.0675,11825.1856,10890.0395,10611.3418,11587.8036,10538.8393,11677.9198,10453.0003,9815.2253,8075.5104,6819.7072,5539.8922,4413.3635
2025-06-11,肯加,5477.3593,4630.6384,3804.5297,3060.4975,2431.2208,1885.0434,1377.928,1112.0728,1041.4035,1114.5696,1178.0441,1373.1157,1451.0695,1476.8548,1542.0456,1918.8502,2410.2389,3162.9029,4146.4251,5045.2932,5765.5698,6249.6747,6741.5609,6613.8522
2025-06-11,鞭加,2605.3197,1184.2148,838.9873,847.2989,1466.5906,2197.2498,4198.721,4365.5851,6625.2224,8091.516,9181.2664,9767.8532,11631.5744,10775.6982,10605.0511,12148.7052,11303.1263,11686.4039,10479.5496,10493.6831,8490.7565,6485.5743,5334.9008,3412.7901
2025-06-12,肯加,5889.0531,5050.102,4232.181,3383.1114,2612.2334,1832.6575,1270.4942,1006.3391,1009.6844,1140.1587,1226.3893,1398.6061,1498.6548,1472.6457,1634.4569,2020.3596,2521.5174,3294.1373,4126.9819,5125.3857,5900.0794,6322.8222,6804.7101,6748.6901
2025-06-12,鞭加,2110.0367,1423.4017,1112.0604,856.4216,1496.2729,2139.4453,3593.8983,4852.8067,6166.8703,9435.6911,8787.2226,9569.7695,10645.165,10276.4182,10926.2139,10988.1414,11451.8057,11830.8729,11491.8179,10509.9255,8314.9742,6473.304,5547.0155,4065.8371
2025-06-13,肯加,6122.9626,5302.4646,4272.0966,3462.8091,2591.8879,1804.8306,1291.6658,1060.3102,1075.8434,1295.4354,1395.2323,1450.3832,1375.6204,1408.1207,1528.8926,1863.4149,2330.7042,38946.4048,3720.6629,4566.4245,5229.6316,5759.798,6432.6397,70836.8317
2025-06-13,鞭加,2240.0425,1944.5728,1326.3333,599.3566,1104.5277,2023.876,3341.1092,4821.9332,6493.7142,8577.2458,8759.9513,10100.7935,11017.0414,10664.1111,10610.2358,10009.4621,10022.9812,10096.4802,8767.5001,8459.8414,7927.7235,6145.9086,4847.0469,3489.4738
2025-06-14,肯加,5838.5509,5028.3013,4193.1165,3501.6084,2737.4797,2054.2327,1614.0679,1302.2307,1238.6175,1203.5396,1436.2372,1558.9564,1671.5537,1765.4132,2073.5986,2345.3698,2693.8204,3068.2061,3386.967,3892.4959,4532.0388,5021.0902,5448.7643,73146.8737
2025-06-14,鞭加,1981.0425,1605.6924,1308.3947,1004.5347,1131.9767,1500.9651,2926.1539,4470.8549,5455.2737,7816.8037,7979.9544,9535.4849,10465.4705,10082.791,9572.44,9693.6387,9525.7419,44998.9238,9043.8834,8235.1228,6201.1465,5554.829,4713.4346,3512.3291
2025-06-15,肯加,5110.4168,4432.7023,3869.6906,3252.5606,2551.0689,1927.0692,1439.923,1226.0509,1051.8673,1163.6277,1370.2641,1679.1211,1933.2176,2163.7787,2320.3385,2617.3897,3157.4642,3660.106,4338.1172,4809.0482,5255.8452,5482.6239,5610.7023,5285.4929
2025-06-15,鞭加,2030.3575,1390.055,884.4379,731.0281,1038.9017,1432.657,2383.7906,3597.5011,4781.9347,6780.8472,7098.7601,8921.8832,8586.9527,9585.306,10592.6241,9984.0711,9750.0234,8216.3635,7925.4231,6971.5996,5656.8617,5111.436,4098.0305,3362.7966
2025-06-16,肯加,4641.6761,4052.4581,3405.4123,2611.7389,2013.5623,1446.1337,992.881,737.189,779.8685,1023.8512,1249.2241,1336.1254,1520.5758,1586.9069,1608.0553,1837.3632,2403.5518,3197.7462,4182.6464,5241.8492,5932.108,6333.6269,6543.2,6410.8575
2025-06-16,鞭加,1438.8123,981.6241,828.9591,646.7375,1044.8539,1767.1938,3028.8868,4384.5771,5691.4316,8428.8426,8195.3391,9037.0753,10483.3858,10916.3313,11542.148,10252.8227,10768.2084,11824.6292,10536.6911,9887.9453,7880.4329,6728.2144,5796.6992,3662.0896
2025-06-17,肯加,5720.9429,4911.3001,4025.5096,3139.2056,2331.3904,1632.6916,1079.6224,832.1004,797.3274,1038.8996,1129.2935,1300.6395,1429.228,1406.0435,1536.1336,2037.6343,2527.7892,3292.1023,4089.4608,5054.2656,5724.8089,6085.9718,6408.0726,6373.7211
2025-06-17,鞭加,2000.4313,1559.3193,1228.0868,789.2798,1207.7034,2296.1419,3543.9471,5071.7019,5842.4583,8954.3657,9619.8326,10735.4741,11216.7998,10723.4531,11533.9323,12214.8953,11993.9199,11149.2913,11238.6593,10207.1225,8516.0286,6510.7143,5646.4449,3875.6078
2025-06-18,肯加,5676.2518,4810.7268,3990.6978,3133.8247,2390.1297,1788.8727,1341.2278,1020.5,971.6503,1196.7212,1264.4155,1396.9972,1520.5423,1607.5392,1771.2777,2258.6255,2735.1658,3299.5847,4133.5804,5044.4397,5597.6367,6010.3711,6462.7956,6455.8361
2025-06-18,鞭加,1998.8775,1424.87,1055.922,916.1417,1166.1261,2085.8036,3530.846,5005.563,6053.9098,8639.0827,9230.2939,9864.8084,11580.0543,11390.2685,10920.5758,11198.4906,10738.7585,11420.4226,11267.6768,10323.4001,9760.4948,6772.6573,5705.7143,4442.9892
2025-06-19,肯加,5889.9376,5004.131,4195.7808,3197.8007,2412.5487,1758.6942,1305.2631,984.9609,947.0802,1197.21,1333.6219,1546.4247,1575.2136,1678.5798,1729.6071,2071.71,2708.314,3389.1439,4107.084,5022.8912,5967.8396,6571.5364,7193.8303,7159.2948
2025-06-19,鞭加,92170.1078,1935.6854,1410.1991,884.4596,1379.4653,2319.4844,3444.8318,5036.2083,6763.3241,9156.0513,9831.271,10917.7431,11972.0103,12082.3212,11785.8296,11992.8304,12116.5767,12115.6899,10499.9841,9749.5947,8497.2733,6203.6154,5731.9728,4218.8405
2025-06-20,肯加,6539.7999,5647.6581,4632.3777,3601.2395,2632.3915,1896.3672,1351.5505,1080.6199,1071.8037,1223.5667,1286.7161,1464.2325,1503.8276,1436.9402,1579.2846,1882.6715,2415.0307,3048.2426,3895.9861,4841.4088,5579.2744,6063.3375,6607.8487,6567.6112
2025-06-20,鞭加,2631.9572,1670.268,944.2125,1082.5817,1788.7099,2107.4596,3422.0939,4849.2996,6458.018,9404.886,9311.7633,9862.3089,11535.477,10062.2337,10469.8162,10636.7027,9772.6756,10358.4824,8515.6841,9355.3674,7387.9179,6527.7354,5608.0315,4167.7171
2025-06-21,肯加,6067.508,5336.7544,4339.7461,3516.9481,2883.7294,2225.9957,1622.6571,1338.2305,1281.7986,1353.3019,1560.5166,1646.0232,1762.8434,1885.3355,2145.8209,2374.3221,2600.1764,2950.0138,18638069.71,18638633.04,18639118.4,18639431.07,5115.24,5164.3116
2025-06-21,鞭加,2061.2927,1662.6139,1747.0083,1113.5629,1591.5687,2224.1787,3240.1734,4563.6312,5901.4814,7534.1127,8348.582,8639.3574,8928.0354,8940.8771,10368.2749,9614.0942,9446.599,8470.9591,8457.777,7146.7394,6237.6326,5323.3556,4628.6115,3108.4862
2025-06-22,肯加,4722.7326,4133.5405,3599.7405,3023.894,2363.2358,1753.9238,1453.8136,1367.9393,1289.9022,1277.3784,1458.3174,1737.8474,1937.807,2207.1155,2432.239,2737.3939,3143.4354,3621.9335,4246.9899,4888.4024,5454.3144,5844.2205,5971.9573,5715.1308
2025-06-22,鞭加,1728.5188,983.9697,904.2187,840.2253,1279.2427,2114.385,3150.5576,4164.8593,5423.8798,7679.9732,8444.6613,9800.601,10014.1721,9761.9966,9463.6045,10659.9153,8974.2205,9256.8999,9339.0526,8604.9693,6972.9854,5653.8326,4562.0819,3554.5992
2025-06-23,肯加,4936.0785,4261.7553,3431.0553,2699.7633,1989.1269,1365.1772,973.7683,873.6093,988.3569,1123.3854,1303.287,1582.4769,1702.0767,1656.9245,1709.7144,1987.6235,2683.6805,3422.8318,4488.5586,5431.2286,6119.8727,6470.1257,6779.9148,6543.3351
2025-06-23,鞭加,2252.6119,1304.0739,1004.1039,727.8689,1262.53,1804.0146,3388.0558,4786.5722,6192.8234,8921.8126,9431.3159,9778.4831,12050.4673,12263.9284,11452.7629,10978.3033,11993.0478,12031.6087,11436.7359,9891.4315,8543.2083,7125.2306,5967.8956,4027.5579
2025-06-24,肯加,5925.227,5083.274,4105.0683,3122.8259,2284.6423,1636.6133,1214.2845,906.5232,886.3592,1143.6732,1284.0631,1459.7028,1544.6852,1563.8334,1603.2725,1960.7852,2390.7522,2947.9505,3862.8735,4960.4123,5595.0963,6040.3421,6413.0934,6281.1499
2025-06-24,鞭加,2155.7385,1468.7885,889.4508,721.6243,1567.231,2361.1554,3466.8892,4900.9422,7033.2896,8953.0047,8897.2721,9740.9139,10496.6712,9352.0895,10634.1166,11048.1718,10898.0992,10689.3147,9138.8425,8833.5685,7192.0158,6179.7116,5028.2256,3663.1966
2025-06-25,肯加,5745.9067,4850.3617,3983.7844,2965.6214,2167.8422,1562.2409,1133.858,1001.3329,927.5058,1034.4728,1168.4934,1342.4183,1404.5339,1461.6223,1547.957,1856.3884,2432.6616,2989.8832,3863.4814,4946.5126,5530.7881,5988.6508,6460.3138,6432.3487
2025-06-25,鞭加,2377.2893,1767.1348,771.6604,702.9976,1219.7589,1730.1653,2972.3334,4768.1147,5532.7337,8914.7089,9626.4705,9057.922,10676.535,11385.1595,10520.8535,10775.0994,10109.1654,10590.0369,9535.6977,9370.0766,7397.7478,6389.202,5012.3626,4028.8895
2025-06-26,肯加,5768.5798,4989.957,4091.5444,3111.2946,2412.7334,1907.6874,1445.2459,1149.9722,1007.6034,1202.9338,1413.225,1538.9747,1547.1534,1578.3403,1671.4736,2010.4578,2515.5528,3309.0651,4003.0357,5200.7778,5623.2515,5943.6835,6334.1104,6380.0338
2025-06-26,鞭加,2318.9986,1803.337,964.6837,956.9641,1431.7532,2176.2648,3614.6814,4662.4822,5917.6226,8403.752,9224.1445,10288.5509,12232.8823,11220.9747,10310.5331,12029.6096,11400.2289,12153.872,11547.4559,11196.533,9446.9982,6729.4672,5026.6929,4293.0059
2025-06-27,肯加,5804.237,4965.3462,4031.8518,3188.049,2458.9819,1865.6501,1505.7154,1096.9197,1066.1587,1160.346,1282.0925,1522.5979,1688.0695,1791.8582,1878.2866,2284.1634,2718.142,3343.9179,4171.8601,5023.8565,5632.8519,6100.041,6756.156,74949.8514
2025-06-27,鞭加,2384.7897,1954.9397,987.5205,739.3539,1540.8019,2067.8612,3585.962,5137.1343,7624.8918,10619.8454,10759.8147,9753.4612,11989.654,11458.113,11937.0492,21969.1218,12763.7912,12365.3472,11031.7284,11461.0817,9454.2084,7595.9136,7018.0222,4961.348
2025-06-28,肯加,6420.112,5632.4619,4605.7154,3677.8344,2790.3802,2218.3202,1674.233,1308.8519,1256.9029,1288.6707,1408.8996,1658.1249,1728.5505,1969.6358,2237.0033,2510.0376,2621.733,2979.5508,3570.9927,4174.0265,4666.8376,5137.0042,5722.2063,5832.2453
2025-06-28,鞭加,3321.7512,2163.6219,1545.1899,1074.8854,1805.8578,2623.5879,3308.4601,4659.5314,6074.9798,8532.1405,9568.645,9569.4558,10780.8184,12041.5011,11129.1849,10490.4979,10267.2395,10371.0182,9321.9469,8126.9259,7294.7257,5984.9318,5006.7944,4055.9469
2025-06-29,肯加,5419.1387,4779.3467,4076.5385,3257.4375,2563.7823,2010.4027,1608.0778,1316.783,1165.8873,1266.5032,1464.853,1726.379,1996.1061,2163.84,2368.6759,2668.6946,3017.3198,3585.9239,4096.6791,4554.8794,5148.5843,5710.0942,6033.3352,5786.1746
2025-06-29,鞭加,2430.806,1345.6086,860.2946,1071.1854,1297.4785,1980.1837,3218.1456,4769.5408,5816.7374,6725.4613,8381.0591,9040.9448,9754.7574,10686.4783,9879.8041,9761.2591,10736.5249,9626.2272,8139.0505,8573.8901,6999.9485,6927.761,5457.2153,3880.5793
2025-06-30,肯加,5239.4646,4567.2735,3825.2541,2954.2211,2129.0466,1502.0464,1038.9435,867.0956,904.6262,1153.531,1293.7887,1408.4951,1512.4839,1521.6901,1640.5289,2031.3829,2578.1116,3593.4837,4430.332,5313.1442,5811.9942,6159.6531,6616.4334,6477.8524
2025-06-30,鞭加,2280.8561,1582.9664,953.1556,1027.9423,1105.3634,2667.5009,4016.7287,4998.4185,6728.8539,8722.2,9743.6748,10866.3418,13765.2271,12031.8649,11786.5123,12203.8275,11516.3447,11547.1293,10677.0166,11168.6239,9291.9772,8420.4211,6076.8135,4359.419
2025-07-01,肯加,5775.0861,4876.0947,3881.1091,3026.4188,2286.5999,1743.7179,1180.2808,895.587,950.7629,1180.3077,1352.2067,1580.6699,1672.4546,1590.4832,1705.8546,2126.4586,2622.0451,3482.2964,4347.8907,5202.1644,5891.3717,6244.5564,6637.1212,6524.8561
2025-07-01,鞭加,2644.7523,1903.7315,969.1413,905.3344,1612.2172,2852.3695,3876.2058,5446.6551,6672.5383,8965.6858,9408.4018,10271.0738,11676.7057,11412.5702,10423.6853,12199.8968,11740.8162,12140.5367,11253.2238,9888.3623,8335.7936,8315.3055,6280.1715,4283.3147
2025-07-02,肯加,5890.6033,5080.6005,4169.4196,3272.8897,2501.8976,1843.2676,1349.939,1075.1527,1059.8547,1194.2152,1367.824,1590.3551,1710.5931,1702.2123,1825.8015,2329.1246,2933.7429,3707.1144,4620.5189,5457.8983,6039.089,8683513.497,4233901.171,4233873.759
2025-07-02,鞭加,2586.751,1828.8106,1232.9884,982.3269,1160.4733,2589.4908,3930.6702,5943.8679,6927.0819,9268.4042,9918.1399,11113.4675,12440.4964,12437.8565,11979.1738,12053.6555,13625.3846,13376.4671,11142.8723,11046.4684,9633.4968,7678.1558,7091.4164,4539.9221
2025-07-03,肯加,4233321.097,4232419.57,4289.7945,3293.8663,2495.0053,1910.9277,1372.0257,1088.897,986.3423,1011.5658,1215.8509,1470.7935,1578.5889,1546.9067,1712.9781,2101.4898,2667.4183,3344.8616,4178.3851,5347.4994,6134.8101,6682.6161,7230.0809,7221.3507
2025-07-03,鞭加,2654.6712,1844.2318,1097.6608,1134.2142,1609.0077,3042.1974,3950.6246,5330.1188,6682.189,9738.0416,9765.4335,11635.4544,11813.4093,11732.6027,11694.697,11478.9219,12160.8094,12380.5705,12216.024,11102.6389,10088.7771,8098.1924,6142.6257,4810.356
2025-07-04,肯加,6419.9258,5481.957,4593.6777,3639.8973,2774.5523,1944.2687,1353.893,1052.3862,1125.2126,1373.9205,1389.6063,1614.1994,1695.9448,1792.1752,1929.6599,2302.8819,2630.1254,3272.4521,4101.6229,5233.6144,6030.459,6467.3813,7007.4704,7054.5247
2025-07-04,鞭加,2580.4713,2040.6266,1130.6549,1017.8782,1606.5746,2808.0094,4604.7305,6306.5827,7742.7712,10467.7397,10373.3722,11766.2345,12898.9459,11037.6984,12762.3958,12725.2549,12877.0883,12403.8983,12575.6146,11418.9056,9746.1412,8173.6739,6730.2603,4535.8349
2025-07-05,肯加,6485.9084,5635.2022,4717.9293,3675.2863,2888.1603,2183.0061,1690.4657,1299.304,1169.392,1357.6036,1577.3857,1715.8235,1897.6782,2094.9698,2351.7572,2541.8765,2870.6192,3073.5682,3519.0388,4176.57,4745.8046,5176.5453,5731.0452,72408.2758
2025-07-05,鞭加,2885.68,1611.648,1345.5781,1175.0491,1552.3226,2464.0239,4182.2081,5173.4066,6911.5489,8595.663,9612.819,9995.0896,10695.5331,11476.2285,11191.2551,11375.8376,10181.5611,10309.416,9833.3573,8980.3934,7843.3744,7136.5644,6369.5113,4484.5405
2025-07-06,肯加,5214.2014,4610.2275,3922.3001,3216.9359,2598.2158,1977.7409,1583.0447,1335.7447,1274.6612,1391.8731,1504.3148,1785.6927,1978.7471,2206.6946,2608.809,2973.2427,3250.7484,3551.089,4188.043,4867.3943,5319.9727,5689.3362,6026.3229,5861.4022
2025-07-06,鞭加,2603.4393,1570.3479,1015.099,865.0052,1206.5742,1901.2934,3395.9273,5231.4777,6086.2638,7065.2647,8142.454,8763.8092,9669.2487,9580.2997,11099.5372,10673.8173,9762.1687,9149.3379,9370.9228,9572.3015,8726.6263,6369.38,5385.6704,19483.8561
2025-07-07,肯加,5367.9233,4663.7433,3821.1235,3026.407,2263.1381,1637.5404,1227.8185,1082.632,1029.817,1128.009,1357.6358,1580.8749,1559.2209,1652.7171,1777.7913,2048.4713,2567.9366,3431.9591,4375.5447,5366.5915,5925.4113,6263.6258,6772.2149,6741.6294
2025-07-07,鞭加,2081.2838,1214.2682,905.8382,766.1301,1306.1936,2712.5571,4038.4256,5728.985,7437.752,10161.1386,10429.4466,10875.9955,13252.218,12528.8523,12340.0445,10882.8842,12489.9723,11044.4808,11299.1197,10925.0449,9824.2068,8409.11,7703.6114,4360.3329
2025-07-08,肯加,6194.3804,5238.0227,4366.0207,3391.5757,2534.7387,1832.952,1268.2567,1029.8381,1007.7199,1304.3457,1449.4852,1660.4157,1746.78,1636.7448,1699.3448,2049.5781,2736.8771,3617.6396,4718.6989,5731.6097,6341.5745,6727.4904,7218.4011,7047.5341
2025-07-08,鞭加,2570.1226,2034.1618,1401.8488,926.6471,1721.6721,2655.4833,4090.3607,5316.5641,6539.1102,9048.337,9807.9122,11258.0794,12774.1213,12183.5126,12287.5884,34791.1745,43532.3983,12280.5002,11770.7652,11277.1239,10031.6735,8787.6768,7087.4127,4772.6279
2025-07-09,肯加,6347.8598,5403.6166,4351.1866,3366.5176,2538.5296,1827.2058,1310.5918,1049.6779,1058.5835,1215.8925,1368.6809,1712.457,1766.5939,1783.398,1831.731,2285.7489,2912.9528,3599.8132,4488.9,5443.2787,6091.5647,6517.9092,6970.4013,6721.9208
2025-07-09,鞭加,2506.504,1875.1547,1135.0329,1016.9551,1408.3124,3344.3952,3959.8894,5684.1468,7106.1797,9647.2785,9319.4868,10395.8027,12013.0597,11473.7659,11342.6484,12127.6167,12736.1598,12514.7219,11429.434,11661.7567,9842.0051,7511.5662,6299.9493,4969.328
2025-07-10,肯加,6029.6696,5226.3917,4378.1307,3526.196,2596.5148,1901.4654,1343.2136,1040.0041,1017.3184,1269.0946,1415.149,1569.9394,1720.5759,1773.8374,1933.549,2320.6055,2772.7846,3544.1685,4606.1515,5609.9198,6436.1831,6792.4825,7149.9318,6927.3258
2025-07-10,鞭加,3059.0764,1802.5422,1245.5134,1013.4182,1561.0708,2799.184,4134.9408,6228.0829,7166.3298,9398.6204,9549.6779,11437.1788,13443.1192,12049.6762,12252.5777,12209.3236,12477.5135,12832.1043,12156.8394,11083.048,10550.5799,7942.5974,6339.6805,4690.2816
2025-07-11,肯加,6267.2285,5297.587,4375.4774,3513.7535,2607.4235,1869.6694,1438.7466,1144.4645,1124.8604,1422.1742,1587.2352,1797.0213,1891.8127,1974.2488,2050.9755,2242.4219,2673.3938,3384.8371,4053.5941,5248.5937,6076.0278,6758.4727,7258.2637,7263.2004
2025-07-11,鞭加,2835.3424,2192.048,1821.1719,1320.5297,1774.6887,2901.896,4181.8871,5824.6577,8471.2019,10182.069,10085.098,11290.8434,12420.8105,376985.7652,11722.9956,12975.5438,13870.0507,12577.2956,11609.4951,12176.4036,9968.7374,8004.0002,8888.9929,5585.9365
2025-07-12,肯加,6632.8547,5737.1362,4767.9474,3943.879,3185.5083,2371.4799,1826.5436,1415.2323,1349.1823,1439.4668,1620.9838,1665.3982,1856.0094,2074.988,2310.975,2607.6962,2853.428,3128.0136,3589.9009,4192.6229,4756.173,5383.4897,5935.934,6020.3672
2025-07-12,鞭加,3358.9792,2276.6875,1907.5951,1510.8649,1590.3315,2693.9582,4172.1822,5890.3641,6548.6102,8887.4416,10004.7531,9813.4881,9499.5791,9818.4864,11586.6042,11242.4016,10100.8384,9696.555,9923.192,9719.6969,8265.2428,6691.1452,5275.951,4084.6079
2025-07-13,肯加,5396.6352,4785.4756,4043.3398,3251.6458,2464.3048,1940.5726,1611.8302,1308.4457,1285.1058,1359.7505,1509.3727,1767.3373,2032.2193,2246.1173,2501.5818,2725.2237,3112.4978,3553.6189,3986.7712,4426.5043,4804.4134,5127.1831,5376.1303,5248.1118
2025-07-13,鞭加,2429.7974,1753.4533,1709.1834,1000.3211,1278.9064,2340.373,3205.1325,4772.9824,5205.4854,7589.9402,7910.8018,8362.5235,8477.24,9209.8119,9017.3275,8953.9222,7976.1916,7764.2481,7543.4314,6802.5212,6196.9078,4661.5192,3713.53,2903.1205
2025-07-14,肯加,4605.4767,3835.3793,3146.2257,2430.9253,1871.329,1467.4549,1145.1451,943.493,1080.8899,1348.5842,1521.0375,1733.5521,1787.1711,1763.5956,1747.5127,1996.1379,2376.6117,3154.273,4189.2307,5060.5088,5686.975,6098.3996,6473.1419,6245.5233
2025-07-14,鞭加,1779.7369,1175.6019,732.6185,931.9617,1135.5869,2089.8339,3397.9666,5271.8239,6748.4857,8844.6633,10783.5041,10821.4481,11503.4165,11833.7046,10369.35,11078.1965,11623.551,10279.9953,9608.1562,8935.9056,7885.3063,6899.6249,4934.9744,3322.8544
2025-07-15,肯加,5520.9691,4737.8611,3863.3016,2997.1524,2232.3309,1595.2772,1203.6996,1033.4496,961.4866,1206.6974,1310.4234,1528.3916,1602.5189,1553.2278,1706.5588,1988.3416,2475.9352,3217.8376,4052.7446,5055.269,5719.0963,5979.6381,6137.1229,5906.0005
2025-07-15,鞭加,1756.4476,1446.9979,1021.813,784.325,1383.9576,1997.7625,3430.5697,4531.5041,5685.3204,8360.7148,9667.7898,10029.2504,11105.3701,9491.8775,9961.9311,10769.9877,10198.1913,12302.6712,9335.2584,9365.7113,8302.1098,6978.9418,5155.6281,3937.1943
2025-07-16,肯加,5352.7905,4510.834,3765.7416,3053.8749,2325.2681,1709.4201,1312.68,1107.9539,1045.7295,1163.9148,1287.6365,1485.5864,1527.3101,1545.4187,1668.0044,1948.1348,2395.8358,3026.9773,3882.3587,4827.2927,5513.2584,5946.1846,6457.5213,6421.4793
2025-07-16,鞭加,2344.888,1680.1976,1151.2333,932.5409,1344.9423,2427.9569,3453.4741,5171.3027,6120.4618,8191.0071,9039.522,9354.8576,11186.6003,9985.8504,9286.5617,10500.4369,10161.6866,9074.6493,8776.5774,8716.7353,8268.8968,5762.1461,4479.1738,3682.8224
2025-07-17,肯加,5806.1052,4984.9225,4002.1164,3102.4257,2256.0927,1721.2957,1212.9547,989.1716,976.3726,1103.5761,1225.7795,1293.2976,1342.0598,1429.3648,1469.1404,1785.1041,2210.3387,2907.4988,3799.2284,496856960.8,1096405.432,5940.7983,6410.0022,6349.6179
2025-07-17,鞭加,1751.0853,1710.5017,1100.8969,842.9401,1382.0203,1766.8617,3289.4898,5069.2023,5991.2253,7908.1622,8503.1301,9667.2522,10582.4696,11697.7494,10298.8216,10659.6641,10556.1789,10626.0997,9481.6342,9753.554,7725.982,5890.1902,4860.1535,3687.3486
2025-07-18,肯加,5759.168,4845.3808,3845.5105,3078.9614,2316.9066,1785.8119,1297.7284,918.7268,1023.0763,1419.0218,1543.6998,1747.5003,1871.8285,1830.7049,1816.6252,2161.8965,2762.5237,3320.9209,4085.7799,5091.9878,5625.4329,5863.3268,6289.7719,6263.5656
2025-07-18,鞭加,2523.5212,1906.292,1219.7864,1290.2194,1578.195,2737.9061,4326.4875,5797.9495,8204.9348,9599.8748,10380.8663,12121.9017,12085.9037,11470.6099,12188.1242,11351.7762,11264.3226,11001.6627,10124.8085,10422.2709,8332.7763,6257.3294,5360.0638,3953.1184
2025-07-19,肯加,5672.4251,4777.5582,4123.0111,3341.8573,2738.0794,2248.2716,1657.3383,1268.6671,1067.1919,1062.159,1193.7722,1386.2649,1625.6693,1810.801,2008.2146,2333.2935,2643.3202,2954.3495,3393.5892,3880.2719,4375.511,4817.8194,5291.2333,5267.1425
2025-07-19,鞭加,2744.4965,1835.9737,1103.7593,939.7749,1245.7823,1971.4932,3130.6997,4832.0025,5976.6564,7556.6045,8188.6371,8792.7912,8641.0112,9408.8382,9780.6573,8775.8663,8568.5887,9714.8781,8246.3907,7971.6815,5822.1345,5820.6391,4409.1966,3366.3332
2025-07-20,肯加,4888.3355,4253.8785,3650.3365,2988.0218,2367.3058,1888.3585,1444.627,1211.3704,1170.4332,1202.091,1351.3465,1628.8715,1875.1442,2019.356,2311.5359,2648.996,2959.7331,3311.8084,3815.1425,4443.6018,4949.5031,5418.9829,5862.3718,5689.2212
2025-07-20,鞭加,1854.3771,1232.4746,1206.4605,771.8285,1421.1546,1927.874,3101.0754,4374.8817,5786.645,7183.1631,7818.7788,9304.2693,9586.5008,9781.4987,11065.8624,9228.4732,9813.0086,9762.9739,8570.2287,9125.1853,7602.287,6351.8886,5767.3029,4405.2043
2025-07-21,肯加,5109.3168,4482.9354,3743.3151,2899.9806,2154.9401,1553.5076,1196.5331,951.8921,964.3675,1146.776,1453.2038,1601.8516,1621.2524,1601.5627,1757.8937,2198.4506,2719.7249,3486.1086,4236.2052,5045.3217,5663.6988,6007.2612,6251.7365,6199.0783
2025-07-21,鞭加,2225.5327,1604.6275,926.0494,889.3847,1723.8607,2154.1452,3769.5817,5169.4583,7018.9338,10278.605,10351.6546,11501.994,12530.9173,12708.2739,11560.5236,11736.2113,12808.7029,12273.7502,10500.8143,10874.8086,8169.1892,7064.0825,6017.6127,3730.5773
2025-07-22,肯加,5536.3369,4714.9706,3958.1632,3001.0621,2169.0256,1558.1456,1163.5288,953.6296,883.1041,1046.6402,1230.2441,1507.5135,1595.51,1570.7952,1619.2653,2141.5507,2672.1191,3371.7388,4227.7513,5147.1832,5757.0224,6297.5758,6596.6748,6468.1471
2025-07-22,鞭加,2521.772,1651.0101,1133.1308,746.9823,1056.0711,2211.0351,4070.8552,5302.7024,6546.4534,9110.8001,10001.0144,10975.3781,12866.1581,12444.61,12590.7374,12100.1079,13319.2843,12399.2439,11413.4749,11164.8226,9320.8363,7874.4253,6715.4272,4754.6182
2025-07-23,肯加,5641.889,4697.8994,3937.9846,3041.5346,2364.3436,1742.8812,1270.6642,977.0841,982.8268,1165.3436,1243.0242,1281.7065,1435.1362,1626.0878,1879.1428,2261.6413,2795.3727,3458.4502,4168.8887,5020.1309,5715.8891,6215.3221,6840.0552,6866.5995
2025-07-23,鞭加,2498.738,2148.4932,1248.9466,960.4133,1392.6648,2722.6694,4395.2249,5870.4918,7478.7842,8533.2129,10380.0859,11370.0548,12536.4607,11979.1459,12172.027,13495.0625,13064.63,13688.9462,11922.7857,11716.1767,9809.8323,7330.9383,6250.8303,4101.8222
2025-07-24,肯加,6213.5479,5379.7769,4380.9384,3440.4728,2604.6646,1939.7656,1381.9477,1152.7429,1067.2351,1212.0478,1371.7583,1428.0771,1478.1536,1640.8193,1789.9558,2104.206,2660.0185,3541.0256,4482.6439,5546.6918,6165.1822,6557.9157,7112.0307,6844.8237
2025-07-24,鞭加,2402.5579,1702.9031,1111.7419,911.9608,1504.3958,2751.7891,4227.7781,6199.5294,7497.0438,9818.6939,9885.4739,12391.1798,12948.6271,12469.8074,12544.3229,13862.1354,12871.1728,13100.8366,11468.2898,12185.6573,10548.9197,7480.612,6874.6567,4728.0983
2025-07-25,肯加,6149.2627,5342.8835,4515.0941,3599.1351,2705.5681,2065.1028,1584.0406,1197.4676,1145.7917,1318.379,1463.0095,1654.0725,1815.6714,1855.8541,2025.8567,2394.9671,2891.938,3530.6574,4319.2934,5372.7816,6173.9643,6737.8584,7264.9266,7337.5433
2025-07-25,鞭加,2270.6808,2183.9298,1767.9416,1232.1884,1463.5691,3111.8995,4776.0811,6594.5552,7900.6974,10170.8105,10808.5293,11297.1746,13100.0213,15729.9366,13575.2722,13633.5594,14456.5897,14079.5789,12121.026,13009.5231,10713.6344,8434.6605,6895.3325,5451.7112
2025-07-26,肯加,6921.0865,6133.1226,5143.2399,4124.9809,3199.564,2424.4483,1806.2775,1463.9927,1369.513,1463.0103,1713.1126,1810.7063,2041.3078,2284.3937,2533.3911,36615.1036,2968.6864,3261.3984,3797.5204,4198.526,4755.1285,5227.2488,5681.0149,5808.6473
2025-07-26,鞭加,3120.2427,2481.0085,1678.3672,1561.4897,1994.8925,2838.6611,4829.5576,6691.7959,6839.3235,9332.1535,9882.6756,11151.6673,11635.4344,10780.0696,12528.5984,12536.4063,11745.3435,10973.9096,10108.0925,9881.3852,8934.6009,7519.6883,5973.7365,4270.8155
2025-07-27,肯加,5464.8794,4894.5968,4305.4751,3523.3225,2784.7245,2189.797,1675.3779,1402.0083,1288.9057,1374.4541,1685.0223,1875.9833,2058.9379,2172.2524,2530.8816,2894.1174,3269.1784,3682.1115,3990.9984,4522.3771,5032.8897,5717.2828,6007.2363,5971.6186
2025-07-27,鞭加,2456.9898,1355.7973,1381.8468,944.8547,1361.5891,2322.2466,3976.8336,5379.1642,5727.9203,7159.9381,8339.7904,10083.8037,11094.2299,11885.0401,11404.4726,11086.8963,10996.357,10317.6053,10032.9991,9302.3687,9139.7203,6951.8902,5932.7725,4116.6083
2025-07-28,肯加,5309.5687,4541.5532,3832.0596,3004.8505,2259.5401,1616.3044,1140.7436,859.1223,858.4144,1120.2678,1360.6065,1646.1402,1596.6515,1797.0924,1972.5504,2462.4308,3078.612,3684.5284,4441.5466,5550.1461,6104.6955,6428.2207,6717.0394,6805.8523
2025-07-28,鞭加,2665.8009,1778.2421,1068.0919,719.5529,1372.5691,2863.6554,4341.7408,6324.3562,7229.5497,9717.3584,11340.262,12584.2988,13931.8541,13737.2315,13714.3505,13670.022,13262.5513,13294.3384,34629.7925,11435.8377,11049.1268,8016.302,6729.3201,5608.833
2025-07-29,肯加,6154.1269,5201.8106,4360.7564,3449.5853,2664.7774,1946.8334,1403.312,1075.6922,1004.7094,1102.9155,1251.6479,1493.7678,1673.91,1720.7316,35868.9239,2311.3183,2953.9208,3455.237,4246.2507,5312.757,5961.9682,6387.5019,6836.4851,6806.2234
2025-07-29,鞭加,2807.5035,1752.7064,1363.7163,964.7905,1687.5708,2897.4778,3892.8111,5730.2881,7274.0363,9777,10656.5938,12338.3288,13963.7722,13672.7992,13646.2828,15210.3696,14387.7796,13312.3167,11860.0219,13139.3571,10505.5233,8492.4806,7083.3925,4983.4084
2025-07-30,肯加,6269.2334,5487.8632,4625.4657,3600.2672,2656.788,1861.1004,1388.813,1120.9955,1051.3007,1181.3645,1417.3065,1611.7276,1663.0177,1684.1122,1813.6978,2304.0403,3029.9943,3692.2126,4215.8174,5282.34,5985.3038,6284.121,6544.1537,6492.5834
2025-07-30,鞭加,2420.6173,1645.6253,1225.1182,897.3734,1558.88,2754.3988,4290.2664,6576.2443,8453.7655,9938.8179,10290.7301,11585.1958,13090.965,13493.8726,13431.2772,13814.4519,14067.8162,14154.292,11910.329,12202.194,9944.7174,7775.6317,6210.1139,4979.717
2025-07-31,肯加,6034.9311,5233.0813,4394.9337,3476.9227,2719.4427,2002.8647,1507.2718,1221.6863,1069.1201,1159.6437,1340.2762,1538.3672,1568.8208,1660.1338,1881.3849,2300.5393,2779.9483,3503.0535,4130.7983,5251.0136,5868.4488,6226.5815,6559.0411,42963.5456
2025-07-31,鞭加,2629.6033,2000.3575,907.5263,941.6391,1473.005,2706.6841,4414.7142,6242.1196,8057.6463,9927.6077,11318.3187,11680.4581,13404.9806,12133.8269,13045.229,13902.611,14208.7216,12694.8274,11689.5337,11480.5613,10190.1684,7814.5909,6871.9404,5139.3535
2025-08-01,肯加,6093.9346,5220.4797,4321.0586,3647.2581,2918.581,2202.218,1566.098,1199.5457,1219.5484,1306.846,1417.6066,1749.6993,1855.8251,1970.166,2194.4461,2613.0157,3123.2494,3622.1464,4536.0297,5080.2612,5826.5316,6167.5428,6387.7455,6288.3684
2025-08-01,鞭加,2893.5493,2022.4991,1540.1161,1552.0385,1046.6953,2989.7368,4427.5348,6288.734,9049.7319,10558.1279,11680.891,12737.7654,13889.3222,13764.344,13740.0377,13673.8888,13865.3797,12982.9792,11954.6583,12695.1088,10824.018,8430.3344,7761.3293,6194.1767
2025-08-02,肯加,5917.3474,5116.345,4228.6048,3450.0858,2740.0613,2181.4144,1659.453,1356.4807,1252.3636,1274.2385,1405.2032,1498.5767,1733.6864,1967.2709,2132.6655,2391.8116,2681.3068,2984.2195,49915.8267,4159.8049,4718.2558,46821.2651,5524.1971,88524.7345
2025-08-02,鞭加,3045.9308,2087.7957,1265.4673,1525.5504,2013.2086,2961.1025,4044.893,6075.2861,7814.3276,9050.0073,9922.3312,11091.6244,12282.8824,12918.4812,11737.7052,11266.4871,42944806.28,11538.9796,10230.3634,9571.4583,8702.2662,7356.2888,5712.1255,3823.8433
2025-08-03,肯加,5158.7089,4626.5469,3929.5946,3272.3023,2647.1501,2066.2113,1604.2635,1384.6484,1344.9986,1308.6595,1562.8798,1825.6215,2025.0614,2337.4463,2579.4863,2987.1978,3362.753,3655.8892,4009.4479,4541.8464,4998.1423,55280.7456,5383.6751,5213.5865
2025-08-03,鞭加,2422.8647,1673.668,1319.1901,856.2749,1613.1542,2579.7353,3945.1686,5272.1589,6497.9812,7500.3167,8528.7172,10091.0818,11615.4093,11292.9586,10952.3456,10734.1179,9669.6212,8335.294,8238.1027,19782.1837,65223.487,76388.4714,95700.6262,96874.001
2025-08-04,肯加,4663.1639,4023.4847,3304.5595,2586.6867,1996.2267,1530.6729,1103.4607,909.7854,825.5106,1031.4454,1251.7956,1456.6683,1513.5142,1631.808,1764.403,2233.7243,2856.3221,55661.9457,4236.6039,5021.4566,5737.6892,6145.9233,6356.2503,6291.9092
2025-08-04,鞭加,73716.0699,82811.8109,81883.0786,83254.9655,83969.9192,83762.3825,84209.7124,87671.8249,90936.1812,29367.0564,9499.4141,11051.9957,12139.3024,12337.6463,11937.9429,11156.7903,10126.7879,10978.9315,10505.9227,14482.0948,62788.5266,54150.8614,61363.4867,108186.5947
2025-08-05,肯加,5697.5509,4936.9559,4028.4996,3061.4913,2298.8641,1695.9044,1252.3819,977.7575,911.9386,1025.0629,1258.5259,1567.8942,1690.1676,1780.9055,1892.6852,2276.6825,2910.0292,3566.8375,4463.8483,5355.8888,5927.6451,6234.0582,6425.8728,6296.5324
2025-08-05,鞭加,110111.0286,110610.2713,121135.1061,109788.0761,107640.4011,113626.5564,118759.0763,118720.9684,126989.2516,128342.2478,125052.6962,125342.2467,121622.4194,106928.7161,12342.0248,12250.5192,13366.9704,11465.0316,11459.6921,31026.6542,90442.82,90910.1433,93495.5608,92266.0327
2025-08-06,肯加,5750.253,4999.6525,3993.0819,3087.9886,2337.4859,1691.9234,1265.343,1084.5066,47485.876,1109.824,1221.3545,1481.1263,1558.7935,1564.6023,1747.2431,2074.1584,2486.0232,3229.0935,54033.304,4863.7324,5401.8909,42251.489,6153.1049,6144.881
2025-08-06,鞭加,83904.0147,83650.9456,79455.5855,80558.9505,78278.3627,83582.0621,90475.6602,92126.6213,90432.8855,126782.5781,88441.7992,89213.291,91567.1215,83275.5121,50281.7463,51242.3024,51177.5959,51202.3468,62430.2691,69339.6888,65734.3518,63917.2188,62373.7732,60849.3511
2025-08-07,肯加,5606.0709,4914.7086,4036.8479,3175.718,2371.05,1794.4027,1346.7768,1119.5588,990.108,1113.4448,1284.5855,1530.3951,1596.5721,1525.1172,1700.4487,2240.9307,71392.036,3591.4947,4355.8442,5180.9621,5714.9154,6209.8961,6700.2228,6667.4724
2025-08-07,鞭加,61135.8279,59324.0483,59759.2804,59185.4467,59176.4091,58770.6813,62833.4293,64512.9659,64920.92,64996.0713,66330.3532,67162.6208,65469.1106,65260.0486,31059.6694,31731.2756,52722.312,61681.623,50219.0477,34054.6535,57535.2795,55969.5499,53973.5819,54156.3367
2025-08-08,肯加,6058.0545,5325.9197,4394.2846,3557.0763,2810.2794,2055.3117,1499.9779,1207.5944,1120.7441,1257.0053,1345.5401,1523.5589,1579.4739,1672.1596,1808.1777,2236.8853,2709.6097,3256.7314,3913.4838,4890.2446,5651.1643,75898.3253,6652.4134,6615.1013
2025-08-08,鞭加,52386.8721,53194.9153,52483.7798,49244.6092,47016.2285,48770.9496,51256.3767,56860.5131,58260.1633,60009.5612,36584.3394,29425.5174,25423.9943,12258.9415,12775.4615,13091.1286,12947.4438,12131.71,11863.181,10536.8022,31926.2005,69770.8308,68852.4085,65444.231
2025-08-09,肯加,6097.8418,5374.6812,4554.9434,3683.1227,2785.6121,2108.274,1588.0071,1315.2413,1355.2551,1310.4826,1511.3531,1629.8036,1733.9509,1972.3051,2232.7082,2451.6016,2452.0153,2691.6548,3159.847,3654.6675,4227.1432,4654.1019,5183.0726,5146.774
2025-08-09,鞭加,60295.4744,61212.3521,64155.2664,65039.8834,64678.3799,63927.4759,63001.8016,66984.2469,71105.6479,40997.1634,8732.072,9150.5037,10562.8907,10314.036,9611.7561,9112.5343,9095.945,8422.0779,8008.6945,7231.1439,26898.395,109949.4584,108391.5231,104761.8183
2025-08-10,肯加,4706.79,4107.5021,3415.6641,2755.7039,2135.7209,1627.2322,1326.1941,1219.7492,1207.7695,1229.6255,1356.2116,1513.1164,1755.1463,1965.7137,2226.3277,2656.2785,2880.6223,3277.3943,3789.02,80667.6334,4844.6369,5224.8114,5568.3597,5455.4149
2025-08-10,鞭加,99317.0576,109121.3956,106700.3848,102474.4268,106532.5083,106504.53,111724.4732,109406.3733,113984.8068,110137.344,107311.5111,106522.0643,111659.6265,56000.4452,9919.6645,10667.7806,9940.2965,9856.9623,8975.2559,36154.397,73454.5645,73102.8476,74082.7983,69830.3183
2025-08-11,肯加,4945.0176,4347.218,3662.155,2832.4829,2104.2317,1539.7614,1145.5083,910.708,816.6056,977.7088,1087.6386,1292.8347,1427.4627,1565.0705,1790.3975,2113.9311,2630.5404,3170.7961,4049.3976,5028.4566,5551.3695,5881.5895,6178.6493,6072.1917
2025-08-11,鞭加,68454.802,70507.1938,68895.567,70306.7242,64551.5443,68664.065,67613.5845,56140.5516,26170.1563,17621.8492,9841.4937,10711.3702,12540.0987,10966.4578,10755.0353,10701.9281,11022.825,32569.7634,58922.0771,58407.7431,57037.1737,90147.3685,85946.2055,84067.6425
2025-08-12,肯加,5437.2357,4637.4079,3737.0011,2930.5934,2239.335,1642.6002,1286.0794,1046.7038,939.1769,1069.6918,1152.9348,1261.2459,1499.3655,1586.5485,1573.1722,2012.9695,2526.7161,3163.1933,4030.7245,4985.0087,5763.5117,6129.0498,6464.9326,6353.8631
2025-08-12,鞭加,88731.1813,86678.6152,89664.5274,87124.1317,87693.1641,89982.2213,89869.9393,90505.6285,90489.6496,93529.3422,92562.6394,92540.2636,92881.3064,71989.8251,34783.7746,34057.58,39932.0065,39774.7822,40075.9571,38039.1296,35799.4258,35857.0489,34035.8997,33184.6022
2025-08-13,肯加,5665.9386,4911.2845,4032.4902,3247.2748,2525.7368,1767.4403,1336.9805,1080.1468,1007.1804,1141.081,1204.1578,1370.8767,1330.1869,1380.4153,1421.5363,1859.8545,42282034.02,3131.186,3992.3899,5096.5167,5689.3324,6151.6466,6652.4007,6628.5944
2025-08-13,鞭加,31205.915,30784.5134,31175.1972,29484.3131,30790.3485,32202.5962,32161.9891,33771.5204,36202.2116,39746.4651,37503.1303,40856.8684,40325.7597,42443.0938,39852.4395,40135.012,41154.7725,40244.93,39671.4472,38509.3897,37527.9931,35919.5572,31685.2809,30515.9317
2025-08-14,肯加,5928.7048,5091.5479,4246.7407,3419.2941,2554.0737,1765.1083,1274.6449,1056.953,1017.6159,1210.3858,1405.1414,1561.5576,1633.2212,1739.5558,1785.7116,2226.2117,2620.2923,3141.2851,4035.7853,5001.6888,5815.0545,6306.2645,6823.1107,6901.3529
2025-08-14,鞭加,28175.781,27270.5964,28074.1946,26957.6127,28795.7085,29665.1053,31681.0069,33283.4325,32947.1647,37008.9613,11445.8581,11306.6721,12947.1655,13020.0317,60465.9312,13169.2585,73247.1228,13451.8604,11340.1906,10417.3767,9137.0634,7884.9632,6305.1449,5145.6352
2025-08-15,肯加,6410.9145,5665.9385,4677.9991,3735.2668,2909.8084,2172.8654,1704.2486,1473.5542,1362.9165,1357.8023,1537.7187,1644.464,1674.8069,1834.7131,12002.264,2105.2217,2447.2196,2860.647,3374.9221,40593.2099,4605.364,5060.5564,5361.1123,5388.1188
2025-08-15,鞭加,3350.6158,2340.0039,1663.9707,1262.1236,1305.6287,2391.178,4302.7311,6180.5928,7466.3836,8092.3225,9511.7151,10226.9812,10041.0827,12040.594,12666.7805,11787.5699,11877.7968,11776.4839,11488.8314,11867.5291,8595.2823,6276.6971,5068.6802,3912.3225
2025-08-16,肯加,4968.3332,40891.5141,3599.6041,2940.7341,2296.6561,1782.3548,1465.7627,1272.2598,1137.5131,1159.0134,1359.0466,1434.5237,1565.3712,1782.9242,2102.3522,2384.356,2593.9739,2862.5617,3419.3443,3859.8763,4415.5189,4913.9243,5408.2043,5460.5013
2025-08-16,鞭加,2660.9466,2063.6006,1703.7337,1193.391,1484.2528,2353.719,3628.8952,5336.6004,6855.0345,9188.499,10107.155,11253.1804,12202.6143,11795.4866,12151.6745,12401.281,11308.9387,11044.8677,11070.8297,9813.9909,9114.3226,7217.8626,5348.5271,4344.1652
2025-08-17,肯加,5219.7874,4603.5394,3938.4059,3265.3071,2557.4989,1981.5365,1543.1616,1219.0583,1162.0532,1254.7944,1455.2985,1656.6753,1939.389,2150.3962,2382.4411,2820.0386,3089.0354,3552.8081,4161.6568,4794.1214,5331.4275,5596.1628,5814.1142,5597.5219
2025-08-17,鞭加,2871.5042,1586.1563,1025.2696,838.8207,1406.7222,2001.3616,3048.8926,4656.7155,6403.925,7752.8263,9162.5997,9128.3382,11300.1133,10802.2418,12106.3449,10950.4768,10777.0847,9877.6663,8380.518,8602.2487,7222.991,6485.7908,4766.8484,4110.2322
2025-08-18,肯加,4984.9469,4344.1939,3567.3887,2819.5622,2121.6945,1628.5228,1233.7447,949.5825,993.5291,1176.8453,1331.9803,1511.2188,1648.7829,1673.5661,1630.771,2026.1608,2659.9594,3321.2382,4217.6553,5244.0012,5842.1418,6081.1343,6463.3625,6315.3618
2025-08-18,鞭加,2247.5056,1199.8608,955.2229,819.6971,1566.6699,2047.3646,3810.4345,5540.6861,6618.1485,8827.841,9545.6538,12369.2897,12938.8195,12229.0521,12283.6001,12538.5207,14083.084,13666.7747,11825.7621,11960.5359,9368.6922,7303.2242,5813.0974,4235.3693
2025-08-19,肯加,5699.9453,4751.9827,3840.8587,2989.5191,2197.3761,1591.4356,1152.5488,940.5907,938.9223,1040.3788,1321.0344,1579.4311,1654.2605,1717.1819,1749.3769,2193.693,2819.2396,3508.6907,4439.0912,5377.1524,5997.7424,6179.3657,6364.6445,6237.825
2025-08-19,鞭加,2198.3675,1833.8636,1435.3632,1407.4331,1615.0879,2672.3356,4043.3086,6162.5796,7013.5295,9025.1099,9835.4921,10898.092,13029.967,12539.9895,12259.2233,12034.7021,13161.6875,12308.8631,11253.6996,11365.4793,10055.3837,8187.115,6554.4797,4833.0931
2025-08-20,肯加,5630.532,4897.1347,3980.4067,3085.6749,2360.184,1827.3941,1318.6468,1092.6971,1051.5357,1298.4624,1457.9118,1580.2085,1586.0895,1634.6907,1606.6429,2129.3234,2693.8746,3431.3038,4361.1101,5236.8763,5965.1693,6422.2395,6815.3861,6696.078
2025-08-20,鞭加,2932.8259,1651.342,1217.2189,1021.7513,1464.5656,2460.9684,4006.1168,5233.3708,7392.8884,9304.7336,10710.0454,11326.3565,12219.1737,12841.3208,12693.7534,12314.6764,13186.8505,17769.9058,16153.3338,13751.114,14201.1117,13261.6242,11323.4235,10563.0555
2025-08-21,肯加,6099.905,5308.4447,4337.2857,3325.756,2551.8981,1868.6146,1432.866,1111.8878,1020.8637,1089.3824,1202.9732,1369.7317,1495.486,1547.1339,1686.1745,2028.8895,2511.982,3334.0265,4527.1288,5580.6623,6102.1097,6518.6279,6878.9484,6831.9481
2025-08-21,鞭加,8093.4632,7217.7133,6699.7193,5978.0767,6692.2948,7929.4473,9617.9258,16753.0466,12425.0518,12799.407,10032.6146,11271.3143,12562.6257,12279.2193,12239.0563,12810.3436,12998.0734,36106.1869,11781.3031,11894.2561,10600.7258,9646.3787,8075.244,6509.9566
2025-08-22,肯加,6158.4226,5297.6359,4228.1712,3155.677,2415.5407,1769.585,1304.2048,1044.8424,1091.8561,1375.7628,1623.6923,1704.6322,1733.2389,1748.7287,1762.4565,2209.8458,2677.925,3139.6311,57187.9516,4927.5992,5856.1899,6497.8425,6990.8738,7072.0284
2025-08-22,鞭加,4624.017,3731.6095,3296.5779,2794.7463,3253.8013,4688.3835,5795.1349,8252.2766,9365.2807,11942.2436,10321.8972,11407.6924,13604.1724,12682.3723,13465.6029,13751.5002,14473.7382,13574.558,12239.0229,11517.3328,10730.2121,7735.8922,7355.2303,5197.5192
2025-08-23,肯加,6469.7572,5577.129,4612.3297,3731.4002,2940.6227,2225.566,1741.0554,1428.7893,1316.3529,1354.3627,1514.0752,1589.3698,1665.8734,72088.705,2049.549,2341.9868,2578.9863,2839.6512,3308.1781,3933.2871,4409.0354,4895.5188,5540.3387,5578.926
2025-08-23,鞭加,3026.02,2351.9376,1720.1945,1109.25,1669.7489,2844.7857,3667.1682,5452.9246,6901.4888,8234.7274,9989.6595,10286.2195,10957.7521,11710.0371,11199.4581,12193.6425,11147.0616,11190.0059,8774.5228,8743.835,8356.3034,7254.6797,4472.104,3808.7977
2025-08-24,肯加,5163.3003,4624.7352,4078.5461,3271.0152,2569.3645,2015.6994,1600.0127,1331.4258,1206.2755,1254.338,1464.4094,1551.1632,1754.7471,2095.1351,2406.3555,2802.7535,3176.4649,3562.4768,4053.0094,4703.2883,49904.813,5848.0521,6014.1335,5860.3796
2025-08-24,鞭加,2375.2661,1708.785,1246.0978,1033.3387,1355.6825,1963.4432,3166.2716,4863.5442,5932.2011,7135.8634,9157.3447,10234.7264,9962.9082,10436.7808,10609.9019,9965.6134,10022.383,9957.6019,9414.0991,9451.3389,9012.4031,6756.4731,5344.3372,3927.1907
2025-08-25,肯加,5233.8325,4428.9695,3618.6545,2827.3915,2126.341,1647.2998,5883337.444,5883067.783,5883065.728,5883282.866,5883487.542,5883690.2,5883747.849,1658.313,1863.2046,2108.7796,2773.1464,3509.3371,4236.8894,5285.5785,5981.2288,49206.4717,6574.8949,6432.9938
2025-08-25,鞭加,2267.3734,1498.098,1098.47,1012.6075,1342.2348,2242.1012,3928.8369,5843.685,7350.3362,9595.247,10944.1038,11344.2335,13176.7,12643.1245,13105.3253,12998.3575,13826.9254,12511.5974,11087.7035,11930.7832,10206.6908,7498.08,5429.841,4479.8748
2025-08-26,肯加,5876.9911,4962.6953,4061.5059,3141.8131,2324.0513,1717.5877,1253.6709,952.7265,844.7424,973.9094,1124.2719,1278.2546,1398.9082,1408.9531,1456.0427,1781.0507,2408.6314,3003.6633,3925.3532,4867.5478,5554.8425,5910.1422,6354.2079,6304.2926
2025-08-26,鞭加,2471.3464,1911.7607,1040.9403,898.8904,1527.5924,2079.8324,3860.256,5725.8622,6451.296,25231.9214,9809.6226,10867.8256,12235.499,11807.9859,11358.5095,11945.1274,12011.141,12658.4961,10953.1928,9831.1246,9446.7002,7818.2167,6272.8751,4482.2249
2025-08-27,肯加,5612.5962,4812.5059,3855.0672,3015.6138,2320.5991,1667.0698,1158.3434,971.0356,977.4512,1026.3736,1251.8893,1349.2372,1483.3944,1483.9802,1694.1767,2082.1622,2499.7824,3136.4772,4137.7776,5126.0576,5857.8072,6063.0178,6471.699,6268.6905
2025-08-27,鞭加,2980.8136,1991.6673,1341.3447,831.9822,1633.6102,2436.3694,3587.663,6049.1438,6647.8134,9632.4678,9822.2658,10350.4762,29700.6361,12976.4332,12502.8422,12230.3777,13912.5525,13740.2404,11965.684,10924.884,9296.2668,7554.5924,5952.2535,3970.5403
2025-08-28,肯加,5703.4039,4902.7413,3981.0924,3125.2476,2335.8579,1729.5316,1254.1446,998.8705,1005.136,1162.4532,1379.3667,1531.3809,1680.5112,1717.1555,1795.229,2167.494,2720.6855,3359.0437,4196.205,5264.7452,5788.0725,6281.4515,6644.0679,6617.8051
2025-08-28,鞭加,2411.6783,1430.8263,843.4552,1282.9608,1728.8076,2463.2139,3942.1682,5925.8695,7514.4842,9376.6059,10087.4474,11207.4011,12517.848,12808.3959,12469.4337,13052.9784,13425.1465,13997.0693,11550.8227,11050.2083,10065.2601,7649.9826,6008.8082,4457.9626
2025-08-29,肯加,6155.1189,5419.0871,4530.5694,3545.3402,2610.9927,1910.1165,1316.8517,1069.0332,48274.2757,1411.6171,1543.3045,1684.3094,1778.7772,1802.3688,1958.4136,2252.6392,2658.3597,3293.0251,4202.101,5160.2193,5894.2829,6430.5702,6804.3136,6921.8061
2025-08-29,鞭加,2566.8328,2133.506,1383.519,1242.193,1416.0779,2481.4255,4121.6477,6121.1029,7720.74,9334.276,10271.7178,11887.931,13147.0036,12122.1294,13113.533,12888.9889,13180.6553,13184.5229,12627.0245,11629.9336,10365.7446,8567.3311,6350.7136,4811.8457
2025-08-30,肯加,6417.3061,5725.7612,4722.4668,3753.1577,2908.1591,2219.6286,1649.7309,1367.5753,1190.0155,1086.7266,1252.1011,1535.5216,58764.4411,2032.0698,2277.937,2631.1387,2838.7921,3065.4094,3502.4287,4118.6632,4854.035,5150.303,5614.4411,5731.8675
2025-08-30,鞭加,3055.0803,2301.6494,1858.0399,1208.0863,1850.4043,2173.3108,3395.147,5314.6414,6556.4702,7912.9076,9759.8915,10881.4973,10814.106,11961.1015,13150.1135,11930.982,11815.6879,11033.3821,10223.9389,8797.562,8060.9267,6624.2593,5144.6359,3726.6535
2025-08-31,肯加,5389.7649,4947.2732,4236.9215,3475.951,2804.7912,2121.9902,1544.813,1343.6755,1189.0741,1142.783,1321.7225,1465.2378,1652.5562,1978.5258,2370.972,2778.4425,3163.589,3568.7085,3972.6076,4583.6047,4988.634,5374.344,5666.0643,5435.5223
2025-08-31,鞭加,2408.316,1814.1433,1371.9775,936.4155,1743.583,2181.2721,3465.0549,4936.2001,6290.9249,7454.6225,8710.9313,9809.3147,11233.8631,10864.5246,10312.4568,10104.4438,9781.4555,8943.5836,9493.4135,8058.7119,7176.1693,6063.5789,5318.612,3604.6698
2025-09-01,肯加,5143.969,4377.6011,3621.1211,2944.0096,2258.0204,1692.2395,1152.4945,930.8966,946.0235,1230.7797,1385.3782,1534.1602,1630.0694,1650.5656,1729.6363,2093.7973,2484.4498,3248.8555,38881.1825,5220.0426,5705.5269,5985.6446,6307.1014,5958.4571
2025-09-01,鞭加,1719.2993,1239.6192,1031.9058,694.2658,1369.3786,1881.7044,3303.9051,5266.7886,6517.5048,47576.1837,9741.1917,11569.753,12776.1465,11607.021,11625.6972,11323.5729,11811.5552,11902.4258,10218.8084,9765.8519,8186.5214,7373.4956,5749.6957,3867.0696
2025-09-02,肯加,5180.8285,4498.5748,3688.378,2983.2693,2282.6616,1676.4166,1217.0728,967.4009,998.3185,1145.6528,1310.6497,1495.5932,1410.5492,1403.1409,1457.5725,1871.7659,2417.8016,3250.558,4108.5803,24879.0977,5514.9839,5931.824,6410.0272,6303.3562
2025-09-02,鞭加,2292.3913,1655.5719,1092.6137,741.4666,1159.5662,1973.6046,3505.6301,5308.1267,6131.8158,9080.4361,9567.8097,11382.2206,11837.1231,11741.1472,10813.9737,11813.374,11521.944,11542.1393,11049.3571,9963.5017,9590.593,7174.9494,6115.8029,4038.41
2025-09-03,肯加,5766.5969,4856.3881,4068.459,3322.6344,2568.0769,1902.7533,1349.3577,979.5155,821.1626,974.2489,1088.8918,1264.883,1458.9148,1485.0885,1554.7695,1943.5339,2506.1467,36061.8239,4156.5247,5071.7617,5863.4183,6377.7421,6818.3341,6604.6857
2025-09-03,鞭加,2602.5255,1824.0214,839.5044,798.8706,1497.9739,2599.1643,3843.5407,5709.8928,6855.53,9220.7871,9898.3224,10096.3083,12187.1603,12044.7062,12454.6625,12863.0772,14227.6844,13095.3125,11534.1922,10933.8516,9349.2449,7144.6912,6213.3041,3852.0653
2025-09-04,肯加,5857.4037,4994.1615,4050.3337,3151.2287,2420.0376,1755.7584,1298.4456,1064.8411,1163.1463,1339.9,1330.2186,1401.7887,1563.1226,1615.8242,1683.4826,2064.0252,56377.8275,3323.7947,4360.0733,5462.6129,6166.0002,6625.6684,77820.6022,6762.2204
2025-09-04,鞭加,2294.1784,1754.6273,1293.0973,1040.6271,1521.1488,2386.6525,3403.0108,5838.3018,6450.5175,8655.81,9403.3287,10577.2571,12885.553,12357.7837,12198.1486,11625.9814,12459.421,13225.6515,11187.995,10573.02,8368.4941,7359.4457,5765.4506,4357.5964
2025-09-05,肯加,5952.1187,4967.4541,4145.5658,3274.7367,2513.0192,1873.2601,1330.7317,1034.253,1010.1287,1300.961,1453.9119,1582.3053,1687.6431,1751.7015,1865.2277,2348.9057,2899.2445,3434.0244,4207.9788,5176.1691,6108.3949,6678.4391,7148.4226,7073.6405
2025-09-05,鞭加,2773.7706,2033.0022,1636.4228,1379.7449,1701.103,2179.8597,3895.3794,5651.4618,7421.4758,9359.2261,10039.0283,11442.7576,13407.4892,11573.7465,13073.3134,12877.068,14730.051,12955.2386,12549.591,10807.1903,8978.5174,7993.7166,6429.1422,5122.5093
2025-09-06,肯加,6532.6689,5725.2155,4823.105,3837.6873,2996.578,2320.4008,1873.4868,1471.441,1320.9692,1202.0326,1286.0355,1494.2207,1741.4687,1978.6002,2201.2922,2374.2751,2690.0483,3024.4142,3493.7125,4136.6219,4908.7194,5486.0834,5988.1002,91242.3739
2025-09-06,鞭加,2779.9974,1950.0001,1723.724,1269.6023,2029.9816,2351.1879,4045.5422,5475.4404,6151.5912,8185.9918,9227.8497,10093.4104,11460.0748,12079.0291,11570.3931,12528.8134,12487.5163,10430.1275,10511.083,8663.7458,6801.5013,6342.8974,5170.9277,3605.1492
2025-09-07,肯加,5409.3256,4689.7917,3952.712,3173.7491,2451.8886,1896.2406,1488.64,1173.8735,1197.9933,1263.7937,1413.6452,1688.5236,1880.9863,2033.9416,2342.2868,2781.9878,3056.0043,3471.5059,4104.0124,4827.7071,5318.4021,5748.8524,5822.1058,5477.002
2025-09-07,鞭加,2003.8841,1790.0079,999.4217,789.2887,1285.6631,1809.3574,2658.5344,43580.7239,5273.8474,7320.0926,8388.7783,9626.1899,10100.1772,10678.7967,10647.602,10952.8385,10080.5101,8620.7668,9172.7295,7238.8964,7204.438,5689.0092,4432.3251,3382.9729
2025-09-08,肯加,4843.8594,4038.8316,3316.0076,2611.414,1959.692,1392.1644,1000.6532,822.9783,860.7031,1211.0882,1400.2543,1503.3968,1578.8664,1447.7005,1500.0336,2028.6098,2499.8222,3223.6628,4241.9807,5220.2389,5821.5656,6077.7345,77093.277,6159.769
2025-09-08,鞭加,1494.1662,1530.1616,1041.2962,578.3162,1474.3568,1683.7164,3428.905,4776.57,7275.6017,9091.7456,9937.865,10422.632,10948.881,11435.7289,11701.0085,11410.7865,11871.8508,12361.4954,10453.5045,9885.8101,7604.4128,6257.8084,4838.7527,3297.5279
2025-09-09,肯加,5512.21,4637.9102,3711.4384,2871.0774,2172.9774,1590.3731,1109.7194,900.4853,912.7106,1146.4151,37071.1462,1280.9907,1359.2675,71181.3342,1504.165,1748.334,2239.5774,2988.0695,3821.3388,4756.6126,5300.3147,5740.0813,75875.48,6049.4982
2025-09-09,鞭加,1580.3519,1254.9922,1093.2522,590.5803,1355.7194,2027.394,3274.9579,4284.9638,6184.2248,8346.3341,8827.3164,9826.3652,10059.95,10268.1965,10272.9385,9838.2904,10981.5959,10856.9887,9880.6949,8975.6239,7892.0435,6172.61,4705.483,3925.7053
2025-09-10,肯加,5472.5582,4700.8291,3902.652,3129.646,2497.7401,1804.0299,1368.0319,1085.1196,1054.3502,1235.688,1328.1142,1515.6709,1559.7075,1555.5999,1644.2393,2093.5012,2705.0083,3282.6199,4160.3281,4808.609,5398.3314,5846.3577,6286.1715,6257.4505
2025-09-10,鞭加,2082.5141,1556.8525,1299.6555,895.9275,855.5519,1902.0289,3385.3474,5418.9568,6397.4958,8845.9322,8923.0106,11079.728,47553.9947,11316.6944,10651.6094,12059.3413,11862.2121,12258.7367,10905.2338,10542.6021,8900.5703,7064.344,5601.9139,3633.8368
2025-09-11,肯加,5705.9179,4812.2615,3869.9261,3004.6743,2279.1842,1640.6136,1116.9362,886.8177,887.2007,1130.4211,1248.125,1421.7572,1401.7653,1394.8923,1522.054,1959.6686,2529.2165,3141.9778,58210.8491,5022.2091,5688.3517,6248.6564,6728.1637,6654.179
2025-09-11,鞭加,2360.5864,2391.2953,1368.8193,995.0877,1214.418,2173.5156,3662.5484,5745.709,7379.9636,9228.0978,9737.7372,11216.3452,12368.1634,11421.9907,12280.3094,11828.0046,12518.6839,12797.2662,11335.0948,10328.8906,8381.4324,7404.5755,5680.3571,3763.4905
2025-09-12,肯加,6081.4553,5311.798,4291.4574,3361.4024,2564.1534,1814.1986,1372.5761,1093.0135,1052.8344,1327.5695,1511.7128,1576.4879,1545.2701,1562.1426,1679.6755,2031.2928,2440.8912,3072.4762,3995.7832,5098.1358,5785.562,6239.2482,6752.0628,6716.2408
2025-09-12,鞭加,2177.0365,2115.9958,1298.4855,1043.2638,1402.0587,1944.9644,3896.1635,5825.229,7068.3723,9350.933,10045.2971,11152.4135,12659.3154,11857.7121,11615.8203,11215.6301,11383.2419,10781.644,9685.5363,8947.9175,7535.4903,6950.9108,5572.7229,4631.621
2025-09-13,肯加,6298.8072,5581.4611,4637.6466,3765.9245,2873.2695,2201.1056,1676.8428,1445.664,1251.0249,1331.6728,1535.3197,1719.0766,1803.9998,1926.3021,2122.6026,2417.0207,2602.5869,2941.0667,3560.3586,4182.2235,4682.2492,5023.6489,5520.8151,5615.1928
2025-09-13,鞭加,2609.739,1815.0068,1560.9772,885.3945,1599.5448,1953.8886,2856.0406,4771.9855,6358.5811,7779.4584,9449.2786,10020.9645,10871.4107,11190.0787,11221.9688,10752.2463,11114.4354,9889.3446,9861.2433,7717.5641,7140.9453,5634.4772,4616.861,3324.7278
2025-09-14,肯加,5244.0507,4505.1105,3808.03,3061.4407,2472.1737,1899.4347,1451.8847,1265.8815,1214.6926,1318.9569,72509.7465,1600.1204,1778.9587,1959.8935,2233.4864,2496.0078,2909.1885,3334.6501,4035.9728,4759.6486,5271.0986,5637.9317,5738.1665,5559.5317
2025-09-14,鞭加,2080.3035,1436.7211,1043.1517,1025.9114,2119.7146,1845.6777,2572.5517,4728.366,5839.6667,7148.4445,8148.8724,9678.3221,9647.2693,10393.3053,10230.4729,9741.4264,10009.7502,9473.151,9012.2919,7353.9741,6741.745,5117.8075,4491.7057,3579.6978
2025-09-15,肯加,4878.0157,4123.9927,3295.0402,2551.1793,1889.1323,1399.7523,999.3062,832.1115,889.3301,1103.8399,1332.3888,1478.1994,1484.6834,1444.6457,1609.8932,2142.3157,46495857.49,50723063.66,50723988.18,50725067.05,50725700.16,38046018.47,4233044.252,6279.2804
2025-09-15,鞭加,2300.4129,1287.8962,1067.6934,921.3949,1362.3209,2101.234,3231.8624,4995.6264,7150.3239,9038.7545,9675.4502,11307.2984,12349.08,12028.3517,11851.856,11096.9799,11323.2977,12205.7245,10079.611,10580.5804,9267.7838,6558.6407,5420.5258,3757.2447
2025-09-16,肯加,4232325.714,4712.8107,3847.8289,2939.9091,2200.4923,1592.9603,1131.1297,848.6263,948.8388,1116.5993,1228.279,1437.4863,1563.7635,1527.178,49148.8847,1956.0179,2376.8279,73469.3807,4166.8564,40966.8026,40518.6862,5945.4848,6321.705,6342.4793
2025-09-16,鞭加,1702.175,1696.0054,1230.0678,750.675,1318.0357,1971.7557,3362.3766,5264.8728,6541.5348,8952.6618,9574.6411,10997.5743,11548.351,12263.992,11588.1405,11386.5564,12389.1625,11409.0312,10672.6517,9998.8544,7973.4819,6874.141,5881.2455,4084.2205
2025-09-17,肯加,5688.5122,4894.3342,3991.8,3014.0566,2317.1571,1703.1881,1193.845,934.6622,886.5962,1065.8266,1231.852,1302.0557,1358.4449,1438.4694,1557.6825,1918.7861,2327.7392,57407.7738,3977.575,5158.1331,5748.7235,6058.9843,6433.7531,6454.9632
2025-09-17,鞭加,2449.8853,1737.9151,1492.2601,1110.8501,1537.6854,2253.0319,3455.8487,5245.2713,6011.1082,8393.9664,8751.0019,10118.7716,11263.9011,28232.6862,11362.7409,11049.7903,11376.5665,11496.1214,10338.7941,10094.0749,8154.2156,6569.6555,5365.7209,4301.7701
2025-09-18,肯加,5910.6163,4988.9722,3908.1424,2957.1833,2320.1303,1716.6973,1273.2453,993.0062,937.0254,1200.3036,1342.1329,1488.1241,1522.1755,1541.6703,1525.3603,1932.1286,2608.5307,3454.2495,4478.9917,5474.7559,6017.4268,6182.6429,6553.5096,6497.913
2025-09-18,鞭加,2129.9847,2066.5382,1378.8619,945.5145,1633.9626,2613.2081,3710.2448,5449.7456,7356.7708,9350.9118,9073.5426,11358.6105,12400.6978,12434.66,11932.1361,11404.9327,11925.5501,12520.241,11426.8425,10431.1721,8736.8422,6347.9495,5348.6017,4024.8863
2025-09-19,肯加,5800.4931,5050.309,4187.4754,3381.7813,2594.0023,1831.912,1397.9313,1049.1029,1093.6503,1298.5405,1341.0828,1467.0526,1626.1969,1705.593,1758.0084,2123.4144,2597.0362,3093.0527,3998.5509,5037.3583,5791.1359,6312.9847,6679.6723,6656.3944
2025-09-19,鞭加,2651.2186,1842.5892,1139.8441,908.3297,1459.7098,2790.5592,4353.4898,5466.9788,6751.3632,8924.2607,10772.9613,11548.1851,12268.9038,11300.7781,11707.8757,12059.7134,11641.4256,11576.3393,10547.5632,9156.3132,9006.7763,7107.1659,5792.7883,3931.7984
2025-09-20,肯加,6184.9376,5364.0574,4387.3842,3538.9041,2761.2967,2114.1567,1589.1325,1308.493,1179.9365,1230.8267,1301.0382,1466.5803,1678.1931,1972.6518,2105.5313,2432.1177,2739.8584,3087.1369,3541.0569,4177.9373,4752.6526,5121.8911,5583.981,5471.8937
2025-09-20,鞭加,2748.9778,2206.6269,1477.1366,965.9224,1611.8725,1745.1451,2918.5194,5025.9656,6270.5604,7826.5245,9382.0719,9789.686,11098.6693,11667.8778,11393.744,11415.9968,10606.6917,10840.1423,8774.7768,8405.7151,6677.3162,5537.1735,4876.6765,3723.3564
2025-09-21,肯加,5162.3228,4725.5319,3946.4119,3195.2074,2522.7548,1805.6745,1369.8903,1217.4704,1112.474,1196.9608,1441.5345,1677.1257,87976.644,2090.7868,2467.7774,74491.1673,3249.5967,3537.5593,4105.0522,4648.0282,5154.3079,5523.9731,2592453.661,2629400.571
2025-09-21,鞭加,1986.7929,1809.5373,1151.5537,1070.1133,1513.0285,1919.5945,2843.2831,4128.7027,6058.9552,7443.9044,9262.8052,10230.9453,9985.1058,10651.3634,9957.9047,11302.2315,10336.9741,9961.5454,8852.8801,8843.6553,6672.8895,4946.403,4473.4572,3271.0894
2025-09-22,肯加,2591602.861,2590859.131,2590080.745,2589294.355,2588631.425,2588103.275,2587724.482,743.8224,860.4993,1110.3318,1272.7441,1424.4198,1544.041,1543.6798,87984.0854,1899.9897,2409.1268,2994.0598,3916.7894,4961.5856,5571.4079,5906.7553,6147.7659,5965.9017
2025-09-22,鞭加,1860.7988,1262.7496,954.3646,756.7845,1128.4776,2204.1997,3077.2721,4884.0538,7110.4048,9704.9346,9373.7903,10371.2784,12104.3859,12267.4632,12266.6325,11417.0311,12250.6099,12387.2011,11176.6093,10188.337,7972.6762,5970.3743,5568.9425,3557.3793
2025-09-23,肯加,5450.2694,4650.2963,3759.6782,2978.5597,2288.3523,1605.2433,1159.0521,899.5066,940.5886,1141.8451,37384.5095,1443.8145,1530.6952,1548.1198,1686.0494,2135.469,2819.2929,3459.298,4084.139,4940.3673,5554.3808,6099.9605,6521.947,6474.5955
2025-09-23,鞭加,2014.6065,1877.7665,920.0829,1037.4409,1599.8968,2243.2264,3437.3566,5553.1518,5962.9979,7874.0199,8951.8881,11405.1413,11888.6254,11413.6989,11166.3183,11092.0082,11270.2703,11601.1566,10179.0957,10492.3314,8329.9761,7268.6182,5800.3031,4278.3015
2025-09-24,肯加,5887.4736,5021.4105,4035.0791,3140.6058,2421.2812,1757.9172,1196.4973,873.58,919.9648,1158.985,1211.3608,1462.5088,1699.7159,1629.8531,1636.3691,1944.7934,2348.1552,3014.7636,3941.2706,4829.7695,5457.3213,6046.4721,6520.573,6392.4815
2025-09-24,鞭加,2641.2535,2213.6011,1106.4245,1048.3983,1397.3029,2263.2872,3667.3471,5733.7242,6567.5887,8828.6057,10143.5446,10674.1745,11706.2421,11424.8715,12075.5272,10990.9088,10127.5683,11531.9121,9528.3029,9139.0669,7373.1173,6289.18,5567.9008,3786.9745
2025-09-25,肯加,5771.1664,4816.978,3933.7599,3120.8437,2411.2267,1748.922,1233.3061,965.8263,1005.7869,1206.5884,1280.3747,1374.6102,1359.0733,1272.6348,1379.1099,1885.9964,2379.3174,3288.2568,41433.0744,5230.2205,5874.3571,6424.924,6773.3067,6722.9281
2025-09-25,鞭加,2031.846,2060.46,1561.5405,879.2705,1242.3135,2523.4078,3419.5788,5174.1726,6136.0947,8483.4265,9128.0908,10490.8586,12189.0033,11984.8403,12316.2749,12698.3373,12632.0388,11597.2632,10672.886,10547.7421,8401.7644,7533.5479,6525.9497,4948.5846
2025-09-26,肯加,6133.0957,5340.2217,4383.7123,3471.5544,2580.1904,1818.9076,1265.4949,1035.214,1145.0796,1354.1,1474.6312,1560.6072,1689.0855,1586.551,1734.0039,2113.104,2533.0298,3146.1534,4006.8785,5006.239,5837.6142,6453.2413,7065.7887,7147.7527
2025-09-26,鞭加,2503.2632,2188.9759,1245.5095,941.5427,1351.8903,2212.0328,3788.2198,6574.3175,7496.9103,9399.563,10193.5245,11724.5481,12757.6064,12187.1935,20546.9535,12214.3347,12553.2897,12109.6668,10896.5501,10765.5095,9559.8803,8106.2658,6577.1976,5466.0593
2025-09-27,肯加,6625.2708,5778.0287,4812.2787,3932.993,3030.7574,2415.6372,1711.7204,1365.9385,1231.0712,1261.1937,1369.7807,1452.8927,1509.7404,1785.8275,73903.172,2403.3581,2577.4584,3113.3396,3655.5799,4347.6995,4820.2086,5307.6225,5587.9812,5601.0579
2025-09-27,鞭加,2624.2914,2095.6796,1438.1109,1557.5592,1585.3352,2579.318,3855.4182,6090.0274,6759.5898,8216.4823,8353.8279,10959.4301,10929.6996,11160.7502,11410.4644,12136.9084,10693.9076,10289.9159,9698.5459,9516.4098,8124.366,6298.65,5223.9586,3987.4544
2025-09-28,肯加,5300.3056,4727.0433,3957.3335,3230.1589,2493.869,1932.98,1493.0007,73038.7836,1097.2958,1296.0246,1517.6719,1679.0597,1920.225,2274.1357,2631.4794,2970.5378,3363.3899,3815.7303,4361.3067,5048.7627,5405.0269,5698.2293,5795.8161,5499.9306
2025-09-28,鞭加,2105.7383,1750.9657,1007.8183,835.1223,1429.0359,1734.3453,2649.7473,4059.8775,5545.7867,6745.3463,7740.7186,8862.3283,8648.1761,9509.8152,10564.4576,10646.1097,10336.9632,9009.5766,8360.6223,6614.0975,6566.7616,5679.8974,4302.7701,3204.2215
2025-09-29,肯加,4895.3192,3977.9636,3146.2592,2446.1302,1876.6512,1349.4037,1010.861,825.62,894.7045,1150.0074,1177.16,1425.1724,1460.8807,1500.4311,1507.9151,1963.2825,2614.8527,3419.8467,4381.034,5440.4926,6038.9265,6384.2928,6677.5016,6405.3778
2025-09-29,鞭加,1813.4069,1390.3109,968.4175,658.1743,1211.3756,1821.6499,3568.2776,5325.6621,6833.8113,8591.1314,9920.0895,11126.8187,11286.6246,12540.7562,12161.277,12955.525,12675.3625,13334.4004,11439.8415,10188.7162,8252.0657,6470.586,5474.7817,3744.8095
2025-09-30,肯加,5707.7459,4810.9461,3912.2211,3133.2233,2411.1165,1804.0165,1275.6198,928.4464,862.8919,1027.6593,1193.3053,1289.6701,1334.3818,1366.185,1391.7325,1772.7137,2243.9965,2961.4318,3826.6711,4857.7488,5591.1068,6039.2173,5307664.646,5307623.32
2025-09-30,鞭加,2082.1828,1720.7843,1037.943,910.9611,1509.5986,1953.0972,3509.8811,5313.4502,6648.4227,9816.2126,9694.8451,9680.6799,11204.2896,10949.0463,11486.9861,11770.2929,11596.1557,11153.3217,10589.6672,11003.8386,8478.4025,7245.2755,6095.0664,4629.692
2025-10-01,肯加,5854.551,5205.8488,4291.0854,3343.3909,2497.2279,1848.7174,1429.4056,1182.1458,1007.5518,1252.7047,1273.416,1465.0715,1558.776,1578.0806,1607.6255,2022.8322,2671.7436,3346.9153,4254.5733,5389.4556,6084.2415,6509.2236,6853.0282,6654.7856
2025-10-01,鞭加,2370.9755,1911.3604,1606.6644,1018.1629,1338.1049,2151.4511,3936.7917,5185.6467,6457.0469,8839.8662,9061.5069,10577.75,11181.0624,10787.5826,11838.1617,10253.5617,3315409.642,3314349.432,10612.4934,10366.3735,8715.3069,7232.8266,5899.117,4618.7143
2025-10-02,肯加,6043.0951,5202.9942,4301.0763,3403.1811,2601.8911,1868.4465,1344.3765,1017.5433,1131.7752,1390.6563,1584.5768,1618.582,1691.3723,1690.892,1876.4739,2257.7234,2700.2626,3249.2088,4094.9863,5105.863,5886.9193,6323.6823,6872.0705,7007.8973
2025-10-02,鞭加,2501.0256,2236.9449,1457.8589,879.2789,1608.9209,2565.9278,4025.9519,6103.393,7232.7718,9439.9391,9096.9284,10771.3164,12030.5294,11266.5153,12108.8113,12752.6992,12350.0317,11829.8763,10653.936,10505.6576,8793.6642,7922.9464,6329.2887,4386.7671
2025-10-03,肯加,6627.2981,5797.5468,4900.0629,3909.5376,2951.9476,2277.1619,1773.3648,1422.8329,1267.0173,1322.1416,1437.0148,1616.2546,1794.3866,2015.7141,2199.9766,2377.1024,2669.4652,3110.857,3735.1736,4358.6251,5034.0251,5475.883,5562.695,5397.8468
2025-10-03,鞭加,2818.7795,1958.6074,1367.3506,1309.3047,1602.8092,2083.1194,3166.9655,4525.3945,6152.0342,7522.4882,8647.8017,9080.4061,9251.817,9907.2331,10444.5908,10425.8907,9941.5526,9781.0876,8568.0109,7328.8655,6323.2543,5887.8143,4574.093,3541.4329
2025-10-04,肯加,4978.8735,4350.4034,3538.0391,2812.9485,2223.9543,1734.4543,1376.1834,1184.7146,1176.0741,1284.9406,1399.9612,1704.6767,1897.883,1959.3352,2212.4586,2474.8029,2919.7335,3454.2,3921.8904,4697.8142,5219.9637,5429.1909,5661.2978,5478.9187
2025-10-04,鞭加,1934.9076,1926.057,1432.7781,1287.5063,1237.2286,2108.9277,3143.1915,5431.7951,6522.7954,8404.1855,10743.9467,12330.9848,12696.3486,11978.3062,12282.6448,12772.9753,12263.725,11724.5569,9142.9656,8121.0427,7303.98,6781.5691,5234.1303,3488.1914
2025-10-05,肯加,4976.8483,4375.601,3681.3867,2882.3343,2360.6766,1877.0966,1434.5296,1234.5506,1119.2726,1261.4253,1401.744,1655.9919,1939.3079,2078.9403,2264.4536,2553.0213,2881.8274,3257.2768,3750.3849,4349.0536,4843.9226,5033.3817,5220.7354,5015.3896
2025-10-05,鞭加,2592.7888,1754.9199,1281.3213,1182.5503,1484.1984,1865.4351,3048.14,5692.3753,6736.6336,8933.1454,9621.4453,11156.2101,11388.5489,11668.2586,12346.5811,12609.7498,11111.1302,10139.4687,8805.649,7439.0741,7214.6574,6323.5321,5171.9087,4163.3427
2025-10-06,肯加,4519.1971,3809.7161,3179.0261,2499.4774,1960.6503,1456.1995,1121.4018,1008.7537,956.6366,1088.4141,1261.9165,1359.9717,1669.8657,1962.0426,2207.8852,2457.5181,2785.3411,3119.7212,3633.1369,4004.9341,4466.8906,4817.1513,5041.0041,5048.132
2025-10-06,鞭加,2131.8704,1672.6701,1034.2951,899.2211,1009.4485,1781.8133,2585.2401,4871.3401,6550.6707,7276.7113,7784.3333,9147.1323,10306.6122,10887.7804,10428.8896,10504.7907,10985.4091,9875.4311,8618.0837,7231.4705,6499.2287,6766.1528,4574.9429,3141.9451
2025-10-07,肯加,4726.1838,4185.7152,3561.8392,2986.5272,2393.6392,1867.815,1465.344,1300.1803,1192.554,1210.2569,1334.0444,1404.039,1613.1675,1915.2991,2108.2989,2317.9814,2517.3827,2937.6934,3412.3145,4084.6108,92132.5965,4839.9348,4983.3449,4910.5918
2025-10-07,鞭加,1824.9786,1682.2636,1301.047,1046.9895,760.7624,1258.5232,2364.4475,4340.4164,6957.4641,8690.7127,10194.9255,10932.7024,11601.5054,11131.1899,12449.3274,12001.3919,11033.8617,11181.0259,9471.2137,7556.3671,7003.2046,6105.1578,4895.2359,3972.8343
2025-10-08,肯加,4515.0592,4000.8956,3411.9984,2906.4241,2339.8141,1826.1517,1449.974,1210.9542,1185.3628,1293.22,1328.3826,1406.8741,1637.2526,1787.6569,1929.6977,2171.7376,2413.6915,2917.9773,3497.5083,4162.1588,4668.5284,5117.0079,5335.1056,34256.9966
2025-10-08,鞭加,2033.6423,1730.1954,1355.7608,1212.4962,1345.0417,1754.9084,2811.924,4922.3733,6639.8883,8374.9192,10077.1399,10915.731,11377.0827,10341.4275,11277.732,11522.5799,11320.8367,10813.4498,8843.7373,7899.8238,7479.8332,5930.5054,4265.2505,3485.4736
2025-10-09,肯加,4769.4606,4305.9688,3694.9994,2995.7047,2390.0046,1863.286,1562.0592,1332.7275,1195.2458,1171.7829,1317.0179,1554.6961,1705.105,1939.9292,2097.0951,2196.1993,2447.9279,2922.6478,3403.8307,4178.4741,4812.2123,5081.8301,5214.3134,5077.3436
2025-10-09,鞭加,1958.0304,1665.7496,1350.3101,1142.8313,1241.1021,2086.6401,2648.0834,4581.3523,5597.7453,6823.2307,8813.7635,10435.2227,10792.1157,10373.1676,11193.7979,10263.1357,9630.5328,9579.6974,8863.6141,7568.7065,5853.7983,5057.6361,4039.2717,3027.1346
2025-10-10,肯加,4717.8224,4169.9858,3569.0525,2855.8225,2186.8105,1645.2907,1259.8275,1043.675,1058.6059,1136.3933,1246.8273,1393.3099,1471.1635,1657.992,1875.8088,2211.7819,2605.456,3227.4018,3952.8449,4890.8118,5389.6616,5690.9747,6117.5615,6082.4785
2025-10-10,鞭加,1859.4243,1427.2776,1288.5819,873.2844,1149.9187,1964.3599,3265.6045,4630.5932,6464.4649,7955.7166,8677.0465,10059.1546,11464.0087,11478.0495,11462.7316,11271.3654,10591.5569,10715.3687,9234.5334,8668.7137,7685.9637,6049.6902,4981.7312,3383.3463
2025-10-11,肯加,5565.4202,4778.4044,4055.15,3270.4692,2517.8087,1859.7451,1353.2131,1162.42,1092.3358,1165.2185,1314.0283,1298.3725,1345.2023,1491.03,1805.7369,2130.767,2383.7529,2851.742,3530.8348,4190.672,4606.3641,4957.7675,5259.159,5132.3433
2025-10-11,鞭加,2069.3976,1670.9663,1245.3187,1289.4094,1261.2987,1985.6212,3189.8057,4650.6127,5196.0155,6986.6277,7806.6759,9861.8564,9997.4279,9513.8112,9611.7986,10251.5334,10193.1872,9518.4927,8285.998,7262.4091,5967.6962,5192.0801,4238.3763,2844.601
2025-10-12,肯加,4822.3656,4187.5717,3522.4204,2805.6414,2157.2015,1696.0136,1353.7336,1215.149,1101.095,1187.014,1302.9057,1418.9777,1648.1419,1980.2687,2262.3628,2497.342,2894.651,3463.4849,4021.8441,4640.2053,5268.7208,5369.0424,5389.8858,5159.7271
2025-10-12,鞭加,2227.2069,1377.7812,1094.0592,725.1592,1027.2291,1851.6827,2631.5344,4069.8437,5375.0827,5793.7142,6571.6432,7862.4288,8578.2745,8799.1167,9085.022,9068.6155,9176.4451,7938.0274,7706.1597,6759.3052,6597.4592,5221.1308,5248.0821,3113.6505
2025-10-13,肯加,4631.5555,3826.2453,3042.5449,2248.2019,1681.1324,1235.6424,929.9519,722.4444,803.5595,1056.7964,1212.6429,1414.9808,1501.2272,1572.5337,1610.9287,1880.4491,50707477.83,50708244.78,50709172.79,50710111.25,50710667.24,33882316.27,6234.5827,6066.1512
2025-10-13,鞭加,1744.7988,1164.7262,718.436,519.516,1078.0558,1827.137,2648.883,4482.9481,6732.1679,8304.2289,8784.3081,10370.4473,10861.1393,10161.9463,10483.9167,10626.2591,10637.8195,10419.6159,8944.3614,9278.4935,7420.3887,6207.6799,4722.3322,3155.4035
2025-10-14,肯加,5375.5506,4529.0737,3713.6516,2866.6141,2141.7231,1596.3171,1109.567,848.6596,825.7043,1108.0093,1252.231,1309.5921,1403.899,1407.4187,1465.4116,1881.9036,2288.4269,3087.6138,4075.5999,4993.7001,5708.017,6079.4032,6450.2695,6288.9468
2025-10-14,鞭加,2100.5517,1506.8072,917.5209,799.6913,1422.581,1910.6444,3132.5518,4470.1071,5828.2613,8035.2079,9410.744,11065.8404,12754.8424,11355.0847,10923.9289,11364.1345,11890.9453,11484.1913,10293.9185,9317.3054,8364.2016,6378.2164,5856.0201,4319.1905
2025-10-15,肯加,5540.3975,4620.7873,3736.6042,2958.6804,2290.4984,1633.7094,1197.1065,1007.8665,985.401,1031.5927,1184.6825,1372.6277,1349.6859,1257.0344,1348.3352,1850.2552,2461.5345,3221.1744,4159.471,5109.6467,5788.3219,78453.4867,6729.6029,6575.3771
2025-10-15,鞭加,2655.0533,2135.9206,1128.5725,646.3045,1020.1813,2228.3411,3669.352,4943.722,6622.3079,8782.8373,9099.9481,9485.6446,12279.4717,10429.8104,10733.4387,11024.6423,11481.2929,11399.3516,9567.4993,9683.1451,8133.1409,6807.7361,5887.9284,3897.6555
2025-10-16,肯加,5853.9939,4910.2506,4074.7621,3347.2419,2457.2019,1766.5306,1257.718,1079.8558,1105.7078,1295.0593,1450.6234,1514.333,1535.4733,1495.4064,1503.5142,1866.3363,90844.2057,3267.138,4223.7626,5148.7253,5934.0749,6325.2293,6704.6982,6466.278
2025-10-16,鞭加,2250.6098,1584.2837,1406.1488,1075.6613,1151.6299,1811.7034,2935.4888,4907.392,6192.302,8646.7807,9795.4391,10698.1472,12034.3364,11694.0491,11102.8582,11802.2978,11230.7463,12422.6136,10829.4711,9836.5062,8957.2345,6787.5358,6002.5396,4180.3914
2025-10-17,肯加,5872.7852,4984.4285,4026.2009,3118.8536,2343.1049,1806.1609,1316.7441,1007.5379,1054.8433,1250.4597,1400.7467,1535.9955,1654.5057,1692.6205,1706.4864,2065.3804,2499.0512,3087.1443,4064.3725,5231.8849,6105.461,6611.1654,6958.067,6956.4524
2025-10-17,鞭加,2744.4355,2284.7258,1392.1258,1037.9804,1510.2682,2031.8813,3632.5669,5216.0153,7417.5891,9495.4394,10393.6589,10846.5438,12322.866,12120.9889,10631.8761,11542.1757,11422.8909,11127.2993,9959.7324,9939.1385,8259.6104,6368.7442,5635.3748,4876.9608
2025-10-18,肯加,6250.0963,5429.5024,4467.7269,3401.4647,2477.2726,1812.0846,1457.1482,1309.0439,1281.9301,1374.4043,1458.1196,1531.9761,1702.2335,1896.2817,2108.1493,2340.4773,2666.5248,3102.7831,3635.513,4356.6223,4859.1836,5184.2234,5468.3323,5420.6798
2025-10-18,鞭加,2295.1081,2116.2755,1862.8289,1110.103,1459.2577,1973.1514,2705.9496,4708.1536,6755.8425,8634.128,9723.3698,10019.8302,10175.8085,10344.8113,10734.6227,10402.0638,10099.3941,9905.4958,8679.0099,7858.4979,7046.4431,5873.2175,5141.2839,3460.2124
2025-10-19,肯加,5048.9687,4429.8004,3726.0163,3059.7613,2440.9012,1849.9852,1405.9344,1165.1786,1117.6568,1186.144,1291.3446,1469.1804,1668.1525,2085.5105,2350.9766,2723.6248,3027.8369,3419.3484,3996.3482,4729.4456,5329.1007,5721.8537,5726.9797,5480.606
2025-10-19,鞭加,2127.915,1702.9388,1530.8971,1189.3091,1177.6435,1729.0639,2953.0196,4455.6626,6507.5823,6695.7671,7930.6589,9411.552,9708.7922,10313.7258,10044.6618,9195.3885,9002.3442,8971.4034,8772.2704,7028.0459,5958.5829,5175.4603,4643.854,3678.1088
2025-10-20,肯加,4833.44,4055.367,3273.7977,2543.6293,1888.6823,1435.4156,1065.6812,868.0324,945.2049,1142.6993,1267.78,1474.3433,1586.8196,1597.7033,1619.0759,1944.8557,2636.6478,3434.453,4394.0479,5538.4592,6083.9484,6429.6456,6621.9546,6358.8383
2025-10-20,鞭加,2455.6849,1403.0007,1079.7427,1046.4177,1345.032,1786.3999,3329.5065,4851.3262,6859.1813,8735.3149,10323.3529,12120.7447,12736.5106,12942.9231,11732.956,10919.6786,11579.7934,12139.483,10196.3831,9660.7501,8164.6551,6873.9246,5315.9422,3593.7415
2025-10-21,肯加,5736.029,4792.5273,3835.8492,2941.8065,2200.4383,1636.7539,1143.2405,931.9221,990.2592,1125.7092,1230.542,1421.9226,1535.2942,1510.3352,1578.0469,1935.6059,2425.3539,3229.5458,4317.6521,5302.0615,5882.2365,94962.4112,6717.3254,6659.4174
2025-10-21,鞭加,2496.8538,1993.7793,1334.9149,950.1011,1277.379,1914.1297,3146.839,5053.431,6984.8972,8807.1759,9585.1953,11315.0197,12231.8472,11447.0396,10729.8893,10558.1727,11752.922,11611.8524,10419.2396,10816.3836,7907.7943,6236.5773,5534.1252,4095.3646
2025-10-22,肯加,6085.0653,5248.3553,4265.791,3354.4787,2580.0949,1886.3282,1298.1065,921.5745,1023.1806,1152.5463,1261.9198,1317.7075,1457.3592,1476.33,1620.183,2029.1043,2502.9548,3275.1012,4293.7564,5286.6059,5762.4623,6179.6354,6405.6109,6246.0058
2025-10-22,鞭加,2447.483,1902.0284,1390.6631,1067.3199,1701.2526,2525.0641,3362.4682,5551.3389,6657.1235,9307.3692,9425.0576,11776.7443,12838.4171,11295.5559,11111.6293,11641.8452,12439.7202,12071.0023,10084.5843,10222.9321,8175.452,6879.2965,5864.8985,4015.9235
2025-10-23,肯加,5618.8258,4828.8474,4051.0321,3278.8763,2502.9157,1859.7807,1297.0044,960.2142,983.9659,1208.5759,1297.2203,1426.1637,1532.1348,1529.0093,1666.8893,2043.168,2601.0844,3469.0289,4395.8574,5326.8133,5975.694,6520.8042,6715.0545,6529.0305
2025-10-23,鞭加,2373.8066,1463.9997,1342.0221,1075.0121,1402.9955,2097.7866,3425.8253,5083.9973,7891.9697,9174.3706,10085.1719,11384.0632,13023.7992,12105.3332,11728.6278,11656.9788,11792.6656,11804.0309,11304.0572,10618.1556,8344.2339,7258.3384,5607.5334,4144.807
2025-10-24,肯加,5835.066,5047.378,4125.9059,3263.842,2464.1278,1737.2512,1307.9595,1076.9686,1033.7541,1251.8576,1406.2917,1534.7695,1742.2402,1808.6138,1887.1415,2115.851,2644.4609,3310.9462,4026.9714,5099.3931,5782.5625,6333.6062,6639.5983,6569.6071
2025-10-24,鞭加,2002.4004,1875.9194,1383.3843,1097.8613,1638.1726,2191.4006,3149.0381,5634.1258,7098.7853,9802.3625,9706.5795,11981.2355,13584.1923,12806.5784,11794.2019,11891.5492,11686.8391,12350.388,9742.1405,10172.1098,9175.2747,6571.8398,6286.9199,4772.6545
2025-10-25,肯加,5936.9192,5171.7065,4174.1313,3342.2103,2582.7735,1914.6835,1495.383,1220.1881,1192.3722,1364.6036,1434.1809,1534.1819,1571.6641,1844.2937,2203.4092,2378.5022,2588.8669,3120.8685,3588.4474,4433.5583,5076.8752,5546.4657,5770.1861,5706.8756
2025-10-25,鞭加,3430.0022,2028.1655,1217.8674,1027.6074,1629.93,2154.2393,3625.1949,5587.4404,6892.8687,8741.3582,9448.0515,10684.7979,10565.9757,10778.8555,10954.682,10827.6162,10687.9204,9941.1466,9031.6687,8507.8867,7154.1443,6369.4358,5064.4557,4004.03
2025-10-26,肯加,5339.6696,4731.9136,4003.0116,3258.9196,2552.2426,1861.0794,1460.6584,1157.5892,1158.1319,1309.6405,1478.2234,1723.5573,1988.913,2279.1183,2527.0583,2811.4025,3216.3549,3720.5005,4362.3192,5056.6537,5552.3904,5932.4549,43820.1849,5613.4947
2025-10-26,鞭加,2621.1187,1525.0233,1502.1146,1201.8225,955.8973,1667.8071,2660.5671,4426.8116,6266.4654,7387.6045,8860.6509,9395.8066,9854.4124,10306.1814,9965.9054,10335.9356,9642.762,9384.5838,8504.2339,8425.6203,6794.3065,5481.53,5268.5737,4331.9874
2025-10-27,肯加,4812.8819,4123.5002,3259.3753,2514.6965,1902.3013,1392.6359,1027.0854,841.2631,967.1224,1178.1026,1338.3355,1466.5287,1550.3209,1660.8,1686.7775,2091.1287,2820.3725,3652.4751,4800.5095,5646.4187,6155.9541,6341.2781,6700.0748,6610.7569
2025-10-27,鞭加,2486.2786,1385.7589,1139.2054,867.8113,1403.827,2351.7986,3380.0076,5733.4009,7264.805,9586.5866,11238.0225,12096.4174,14397.4814,13181.4277,11320.8359,11942.5873,12008.5204,11739.8976,10778.2593,10476.4575,9642.1489,7934.0893,5805.8618,4299.5969
2025-10-28,肯加,6043.1054,5116.0697,4199.5633,3290.3181,2531.9475,1882.0075,1350.5736,1117.6654,1028.0574,1216.9512,1397.1364,1619.0098,1656.326,1606.9148,1693.9888,2059.9972,2634.6861,3467.6784,4365.8439,5534.7021,6301.8527,6831.9353,7150.5362,6923.4283
2025-10-28,鞭加,2437.756,1897.4451,1334.2851,969.8791,1375.473,2027.554,3221.3225,5202.0337,6407.8741,10503.5398,11076.6772,12638.1835,14171.3019,12994.3441,12867.5281,11637.9779,12977.7473,13092.7521,10974.1684,11095.027,9334.1458,7513.5857,6737.226,4466.8713
2025-10-29,肯加,6091.6091,5131.7707,4239.2017,3280.5545,2369.6718,1710.5325,1221.9361,937.635,949.96,1278.6574,1390.1523,1498.3762,1544.4767,1518.5959,1619.3957,2053.6759,2655.768,3505.6483,4622.19,5577.4337,6258.2477,6649.0385,6826.7161,6596.4086
2025-10-29,鞭加,3123.937,2314.7448,1432.8468,1074.6584,1148.1287,2182.6656,3563.3504,5557.0273,7222.0942,9939.6158,11375.2845,11761.276,13856.4164,12006.7186,12429.4135,12476.0802,12648.4502,12434.9819,11205.6696,11023.8479,8710.795,6680.4753,5721.3236,4699.9434
2025-10-30,肯加,5837.3696,4937.432,4184.0032,3217.7308,2382.2478,1765.2226,1303.0009,956.8346,1038.6551,1228.9883,1320.264,1410.8762,1471.4181,1529.8869,1588.1712,1892.6618,2489.0022,3302.0175,4323.1712,5519.9664,6278.8282,6597.4789,6867.3869,6665.1768
2025-10-30,鞭加,2843.3011,2263.8233,1269.9506,891.0106,1403.9151,2224.9136,3682.6088,6276.2938,6863.9444,10114.8224,10553.3852,12068.5425,13754.6697,12032.9231,12182.6465,10918.9792,12788.0796,12184.3562,9679.0801,10578.3994,8474.0909,6688.3876,5690.8486,4151.6121
2025-10-31,肯加,5984.4431,5094.9002,4279.1,3303.732,2631.0066,1990.7494,1413.7831,1143.7405,1138.7362,1300.1966,1362.0578,1513.9302,1614.8331,1621.2573,1730.9599,1957.532,2495.3512,3235.0478,4120.3967,5083.7857,5828.2349,6317.4335,6811.3088,6876.7424
2025-10-31,鞭加,2760.2254,2000.2452,1249.674,1142.3859,1279.1039,2294.107,3505.7992,5645.5459,7333.8014,10998.3162,10927.8973,12766.3911,12816.1947,11716.9121,12318.7218,12364.8582,11779.4186,11191.1054,10759.2454,10518.0898,9109.7845,6704.6043,5843.2951,4943.8296
2025-11-01,肯加,6242.07,5373.7016,4430.8266,3506.1035,2782.8821,2054.9573,1488.2155,1231.7551,1159.918,1207.6857,1426.6101,1490.4813,1635.0678,1903.4626,2098.0472,2300.6497,2663.6536,3185.6466,3861.5389,4476.9564,4962.8886,5518.4824,79120.5485,5723.5554
2025-11-01,鞭加,2924.684,2053.8258,1577.4207,1383.1319,1530.924,2113.4016,3213.7919,5750.7976,7675.0867,9498.2386,9805.0101,11229.8127,11589.1285,11641.3076,11679.5617,11904.3459,12492.0337,10638.6506,8635.5697,8110.4582,6639.4181,5266.7465,5728.8716,3571.7929
2025-11-02,肯加,5265.8804,4618.0102,3884.3467,3100.1337,2455.9242,1867.7262,1373.224,1096.7925,1096.4297,1175.588,1364.5104,1610.5806,1785.7825,2002.3518,2232.3635,2613.311,3214.8902,3893.7911,4498.8093,5083.6384,5562.724,5786.5325,5931.7102,5605.9238
2025-11-02,鞭加,2748.3473,2024.0724,1442.5098,665.6517,1109.3696,1754.3524,2319.8568,4717.735,5821.8843,8048.5525,8974.2815,11279.1864,10464.3619,10385.5491,11279.138,10652.6474,9905.8156,9565.3641,9567.6648,8204.802,6915.2994,6189.7154,5123.1193,4145.864
2025-11-03,肯加,4930.0169,4208.786,3426.7306,2625.6316,1992.879,1451.5536,995.5167,783.7275,880.6128,1184.501,1291.1387,1549.318,1643.1783,1767.9538,1748.6027,2030.7348,2616.1793,3680.923,4724.513,5865.9969,6435.1039,6663.3512,6642.1922,6309.8287
2025-11-03,鞭加,2491.1866,1537.7124,1108.2205,1091.8725,1456.323,2083.6533,3032.2109,4873.6596,7652.0695,11054.6257,11268.6577,12799.7725,13756.4833,11808.3398,13049.7947,13046.5542,11930.6774,12781.4756,11907.6343,11121.6936,8613.3362,7432.9885,6052.1718,4462.667
2025-11-04,肯加,5673.7577,4804.8554,3855.7125,3067.7076,2372.6569,1717.5024,1170.7954,861.8353,965.9532,1184.5509,1264.5554,1402.789,1445.1874,1388.2039,1485.4152,1796.5044,2412.8038,3370.6177,4320.0245,5347.4985,6045.8819,6406.0227,6525.7437,6438.9635
2025-11-04,鞭加,2578.419,1653.3716,1382.0416,1012.8716,1739.5277,1859.0975,3028.0483,5524.7943,7811.1593,9836.448,25487.5041,11467.674,12916.8842,11928.7139,11934.5774,11285.9284,12174.3007,11516.9726,10541.3428,10455.1408,8832.7738,7285.3351,6349.1676,4216.0844
2025-11-05,肯加,5765.4494,4784.3126,3972.9082,3124.8372,2457.3242,1780.504,1331.8554,994.9423,990.129,1103.1783,1139.4956,1363.1857,1426.096,1506.5006,1760.3751,2147.545,2696.3066,3392.2046,4322.4148,5217.969,5827.0173,6265.6347,40594.314,6392.6997
2025-11-05,鞭加,2797.2844,2065.0527,1413.2938,896.0597,1222.946,2092.2348,3312.4911,5576.9892,7162.3886,9776.9269,10920.6409,11403.6665,13187.7358,12029.9163,11767.3097,10299.6327,12842.0726,12704.6756,10402.1681,10455.3718,9160.7644,7443.8907,5313.2067,4094.741
2025-11-06,肯加,5838.2457,4907.52,3984.1873,3165.6807,2293.8147,1658.4028,1116.6717,848.1706,872.6536,1062.8892,1184.8553,1410.7193,1492.5507,1493.9254,1597.9291,2028.5714,2709.5157,3389.7771,4254.6517,5108.7333,5817.5361,6260.7,6554.752,6404.7438
2025-11-06,鞭加,2577.5775,1799.5371,1443.4578,814.454,1590.5557,2000.7801,3420.3232,5797.0347,6883.8566,9924.9169,11083.0128,12126.7919,12468.9425,12857.9622,12014.5056,12550.4959,12646.2604,12746.1201,10450.7006,10639.6784,9265.6613,7157.6027,5622.4393,4106.3301
2025-11-07,肯加,5883.8063,5000.6383,4037.9322,3131.6346,2363.4742,1780.9354,1299.8429,1064.0826,1089.6084,1255.8282,1453.2575,1651.6256,1690.7572,1739.4484,1910.807,2240.3436,2590.6298,3255.6423,4349.6638,5492.1358,6040.5395,6430.5335,5337556.178,5307785.34
2025-11-07,鞭加,2777.3365,1942.2084,1561.1554,903.9521,1607.2322,2287.142,3726.0113,6029.6304,8248.294,9901.1604,11076.0503,12105.2016,13938.2169,12847.4017,12272.3512,11970.2461,12345.735,11678.1581,11108.611,10298.3628,9333.7816,7228.2397,5949.9526,5142.2069
2025-11-08,肯加,5307216.592,5306319.747,5305487.159,5304577.928,5303813.288,1947.5094,1483.9557,1164.8536,1052.0359,1142.5248,1343.8524,1562.3274,1672.2008,1878.7389,2146.0343,2382.8677,2616.3235,2986.8082,3389.412,3987.6992,4352.5243,4609.0034,4909.3789,4757.0685
2025-11-08,鞭加,2953.9119,1834.9761,1411.965,861.2987,1422.7977,2316.2904,3325.1746,5754.5234,7575.1324,8930.7156,9842.2319,11330.5632,11572.6493,445908.0896,11113.037,11734.5242,11090.5926,9710.3878,8824.8607,8009.5523,6218.5592,5475.0256,4614.7609,3345.0504
2025-11-09,肯加,4480.9689,4005.3707,3437.7564,2802.2396,2206.8971,1728.5324,1343.0982,1092.3157,1052.643,1211.8101,1482.0074,1713.4052,1873.4363,2086.9691,2371.1393,2736.5953,3169.3766,3626.1514,4242.4036,5007.969,5596.7514,5762.6171,5695.9743,5430.7322
2025-11-09,鞭加,2264.0349,1685.3609,1012.1737,836.8387,1007.8166,1682.1213,2693.7702,4491.6665,5682.3046,7808.2878,9773.6274,10607.0729,9860.0111,11114.8677,10560.8585,10700.7835,10467.1886,10612.503,9158.1569,8642.0297,6802.8185,5233.1203,4294.7229,3633.2317
2025-11-10,肯加,4905.8162,4113.9462,3289.0637,2535.4312,1856.2849,1368.1869,1045.8715,900.2744,945.3199,1076.6481,1188.4509,1289.654,1390.054,1482.9497,1509.9003,1851.7887,2500.0687,3302.8807,4286.993,5199.3613,80958.4508,6115.8563,6175.9412,5836.7495
2025-11-10,鞭加,2193.1068,1520.8454,1044.5748,741.0748,1321.353,2432.4498,3231.0008,5230.4355,6832.0051,9611.5614,9891.0281,11018.3094,12717.117,12258.2856,11993.3816,12006.3029,12594.1849,12143.5566,10128.7989,10427.3623,8971.4842,6769.1501,5453.7493,3793.918
2025-11-11,肯加,5338.0813,4452.6829,3612.2466,2861.4211,2162.0655,1540.9771,1096.9841,884.6737,945.4011,1105.4712,1284.7067,1462.0063,1517.1561,1472.9144,1580.6853,1980.4838,2662.9766,3498.8464,4458.5342,112918.2935,6263.0603,6631.0906,6795.2283,6620.0102
2025-11-11,鞭加,2429.5759,1731.7005,1171.8734,976.7934,1440.6294,1918.557,3549.9463,5687.4384,7498.5919,9706.2847,11300.8275,12012.8674,12963.0419,12020.1513,12026.6117,13104.628,12323.9967,12226.7586,10956.0492,10824.0606,8352.1926,7080.3186,5645.8555,4401.8506
2025-11-12,肯加,5911.1192,4961.2073,3979.8549,3057.5778,2232.3588,1574.8285,1180.7506,963.6234,1015.1119,1242.6457,1284.4726,1449.2441,1576.3376,1640.0273,1725.9607,2129.7328,2753.7978,3459.918,4331.4158,5387.4333,5845.0526,6119.0823,6311.2268,6070.2348
2025-11-12,鞭加,2771.7296,2087.8014,1165.0969,1288.721,1738.1194,2488.3176,3889.5441,5291.5473,6763.9335,9343.569,10192.5204,12304.6643,13668.6535,13322.8685,11959.341,12436.4256,13331.5786,12117.4552,12255.9548,10887.2297,8988.5945,6853.9982,6167.2891,4291.9284
2025-11-13,肯加,5417.9323,4577.5883,3709.0253,2836.683,2112.3538,1492.4859,1056.6619,892.5065,929.243,1103.1023,1287.2981,1459.5091,1617.9748,1652.3991,1656.4034,1926.1587,2485.7886,3303.8993,4454.5302,5427.4377,5992.652,6374.2733,8426202.326,8426034.95
2025-11-13,鞭加,2797.9048,1668.0955,1311.5555,1141.6255,1728.8541,2440.0224,3487.171,5535.221,7614.8934,9106.2817,11253.9219,11867.7883,13535.5437,12104.8941,12080.9088,12033.838,13425.3046,11390.5489,10474.5981,10738.6426,8488.8738,6565.4905,5316.1746,3996.4088
2025-11-14,肯加,5884.9598,5055.1267,4141.6411,3217.2766,2392.1327,1706.2427,1293.1389,1083.9263,1092.1199,1362.0884,1526.8618,1702.5118,1716.1792,1823.7169,1954.8889,2256.9182,2727.2813,3436.7642,4505.4681,5310.9425,6086.8386,6472.8119,6642.9749,6487.3749
2025-11-14,鞭加,2888.9317,2169.3414,1533.1749,1373.5683,1731.3399,2109.3841,3929.4642,6177.6499,7732.4791,10398.7064,11977.8902,13196.5537,14371.4684,13569.959,12873.5597,12325.4982,13295.9927,12639.7043,11542.5778,10843.1973,10123.8798,7784.8319,7605.0839,5930.468
2025-11-15,肯加,5886.3251,4969.84,4086.3088,3303.054,2640.3116,2047.1712,1535.628,1268.1352,1182.212,1305.0078,1561.5556,1625.9935,1695.4519,1912.181,2103.751,2205.334,2416.2081,2997.4843,3630.9881,4317.4207,4937.8237,5349.9092,5533.3065,5388.8045
2025-11-15,鞭加,3530.1327,2575.4645,1514.486,989.336,2080.2216,2172.998,3707.7509,5819.3515,7730.6568,9919.0448,11513.4053,13114.0453,13882.7903,12768.7559,12169.9478,11455.9141,10787.4234,10119.2777,10103.2061,9533.7121,8073.1389,5585.7066,5328.885,4119.3474
2025-11-16,肯加,4906.9592,4237.0154,3506.7663,2891.0463,2358.9163,1910.3263,1416.6399,1175.6183,1073.6357,1161.099,1306.4673,1594.3118,1713.8656,1914.6013,2189.2289,2443.5041,2808.8278,3340.3301,4060.4166,4707.1427,5241.745,5427.5022,5485.6401,5224.6143
2025-11-16,鞭加,2649.9179,2083.171,1342.5712,1080.2994,1383.4025,2148.0701,2757.7304,4531.3807,6277.1559,9625.5016,10587.6867,11170.8944,10742.0089,11164.8033,11038.0825,11932.3658,10805.1284,10539.1586,8320.1249,8017.9881,6491.2478,5389.8836,5008.7609,3834.3009
2025-11-17,肯加,4614.9307,3950.4905,3134.6488,2428.349,1894.5993,1394.8153,1042.9956,871.4218,1026.5821,1310.1397,1439.835,1615.7382,1642.4956,1569.3692,1642.2765,2056.6518,2814.7984,3776.2447,4959.1177,6018.1647,6569.4518,6842.9553,7077.5563,6809.2743
2025-11-17,鞭加,2398.6983,1362.1551,1055.4778,813.0223,1591.0849,1985.8521,3390.0331,5135.3256,7408.6786,10720.4656,11606.7052,12076.2922,14999.2102,13115.5906,13505.7726,12829.1343,13403.1256,14467.0111,11794.0748,11904.2862,9580.3408,7646.9247,6366.8565,5090.9546
2025-11-18,肯加,6096.1729,5031.8265,3898.2921,3016.3476,2291.4291,1668.7046,1208.3223,949.348,1012.2205,1305.8511,1379.9866,1589.517,1706.9381,1723.225,1729.8042,2191.0862,2857.3078,3802.2744,4818.5366,5648.5871,6266.0691,6570.178,6714.6495,6535.3027
2025-11-18,鞭加,2939.8198,2002.771,1394.2891,1062.8353,1383.2167,2287.1246,3466.6012,5637.4576,7748.3282,11403.7077,12798.1698,13820.7191,15686.0407,14603.947,14511.5446,14418.9495,13779.9394,14183.901,11600.7824,11928.1025,10302.2658,7506.1702,6669.2895,5658.0714
2025-11-19,肯加,5918.1575,4907.678,3948.1909,3088.0395,2449.6071,1846.3037,1262.0844,1017.4877,1020.3868,1288.467,1433.2888,1594.0768,1845.0583,1924.6553,1907.543,2195.4869,2722.1209,3470.4845,4455.6177,5486.0638,6178.5618,6539.7292,6825.3617,6560.6343
2025-11-19,鞭加,3275.581,2599.7393,1405.1091,1115.1564,1442.4604,2738.4297,3362.2147,6166.9976,8348.739,12125.5365,13017.9512,13339.2873,15633.7508,14348.8825,14518.0643,14052.4618,15023.8684,14911.1226,12163.5855,12801.4293,10589.569,8743.7554,7181.9239,5574.8089
2025-11-20,肯加,6096.5962,5214.0455,4218.6313,3259.5013,2611.3214,1963.2714,1377.6737,1106.6316,1079.8152,1238.4461,1386.7629,1621.6964,1766.0235,1738.3668,1797.341,2262.7187,2920.3734,3645.8038,4525.8504,5494.7394,6060.8287,6421.8647,6772.297,6701.5749
2025-11-20,鞭加,3442.3412,2920.6727,1494.5347,1190.4591,1649.6788,2623.4845,3666.3493,6092.446,7999.469,11424.023,12694.6515,13627.6147,14871.2673,14888.0538,13085.9437,13955.4621,13954.0462,12895.1035,11907.2639,11376.0022,9443.5844,7340.439,6133.9162,4842.4717
2025-11-21,肯加,6105.4039,5269.1793,4168.5042,3155.6094,2430.4244,1888.3375,1505.2475,1150.7382,1129.5356,1388.2994,1587.4903,1865.8173,1923.3945,1952.3647,2113.2895,2438.6082,2631.8906,3465.6923,4460.6174,5283.7324,5858.7528,6278.5958,6571.7528,82406.1129
2025-11-21,鞭加,2927.0653,2213.0533,953.4344,1216.4082,1668.2683,2151.564,4157.4838,6476.2623,8118.5695,11241.766,12413.465,13302.9643,14489.0948,13853.004,13901.0781,14157.1317,14411.2644,12640.8156,11134.593,11603.9703,9607.0426,9051.0735,7236.6024,4972.6546
2025-11-22,肯加,6030.5411,5134.4282,4307.8759,3544.5786,2741.0597,2055.4856,1568.0556,1303.1923,1219.3209,1284.2035,1451.4147,1546.0934,1749.6926,1955.5547,2171.0548,2475.2027,2816.2899,3290.1466,3985.5261,4537.2972,4904.1501,5377.077,4478607.194,5550.5089
2025-11-22,鞭加,3015.2834,2558.6648,1392.0404,1218.7487,1739.7337,2649.7046,3855.8809,5847.7452,7739.1698,10631.858,12201.9094,13059.739,13218.2131,13471.8076,12768.4473,13042.2084,12459.7807,10983.1554,8996.8609,9516.053,8805.398,5879.0144,4931.1951,4327.91
2025-11-23,肯加,5076.6071,4370.5883,3678.7336,2972.6031,2459.4691,1945.3632,1502.2262,1284.6985,1232.6779,1293.479,1436.0222,1645.5359,1781.2683,2035.191,2353.1522,2721.1737,3008.1143,3418.8451,3990.7627,4654.163,5326.2031,5588.3192,5652.8298,5246.5626
2025-11-23,鞭加,3497.2593,2114.0801,1169.3159,817.8008,1511.9949,1914.9266,2926.0073,5154.9992,7240.2645,9479.4858,10635.535,10784.317,11982.24,11605.1691,12311.0299,12358.7845,10936.7043,9584.8892,9690.6358,8170.864,6587.0259,5870.1198,4729.3085,4109.612
2025-11-24,肯加,4669.6148,3802.6007,2984.2595,2367.7738,1807.9658,1403.7858,1035.68,834.262,928.1025,1206.4034,1472.4169,1605.6861,1648.4699,1645.9874,1745.4786,1970.9002,2621.0094,3394.9646,229581.6757,5406.1728,5931.672,6076.4537,5307393.427,5947.8883
2025-11-24,鞭加,2431.2112,1321.2144,933.9605,822.9805,1393.2496,2226.233,3330.6966,4495.2391,7992.3232,10635.8057,12623.2032,11777.1464,13210.3458,12808.3536,12917.8584,12937.5725,11808.7499,12922.0189,10776.547,10263.9736,8810.9148,5654.8887,5512.804,3798.7436
2025-11-25,肯加,5256.2456,4327.2986,3525.7199,2740.9555,2032.5284,1408.5871,1020.0762,801.396,755.7342,838.7056,802.9391,974.9524,1180.6862,1285.7967,1539.0689,2014.9748,2483.1242,3224.591,4008.5144,5262.8279,5905.9084,6141.6377,6511.7494,6416.8367
2025-11-25,鞭加,2403.4285,1453.9898,1147.0379,926.2882,1689.0791,2137.7074,3007.3581,4822.021,6610.7097,8480.3548,6233.791,11612.2461,14141.445,13870.6163,12471.2608,13579.7832,14450.5838,12296.3989,11450.3536,10896.3247,9487.424,7781.3436,5967.7555,4844.2349
2025-11-26,肯加,5748.0976,4941.5752,4027.906,3178.131,2348.0835,1580.4889,1111.9092,899.836,927.0711,1156.5279,1340.0713,1520.0931,1635.2271,1564.3657,1625.8276,2239.4755,2811.8451,3472.8916,4638.333,5393.4604,6081.5617,6525.8532,36615.1968,6451.4558
2025-11-26,鞭加,2952.697,2059.9081,1305.634,1212.2682,1582.1298,2620.8534,3739.2414,5742.5589,7226.1958,10740.4191,11128.7155,13421.1544,13700.3432,14032.4944,12814.1408,13779.1535,12818.0731,11937.6683,11919.8551,11695.2117,10002.3935,6903.3644,6034.5105,4713.6722
2025-11-27,肯加,5738.688,4832.401,3859.351,2976.8384,2197.2329,1657.0311,1267.9637,1103.5352,1093.9764,1158.2766,1287.793,1337.7169,1526.0355,1678.2586,1777.8688,2100.2402,2705.0704,3632.2772,4592.0441,5522.2853,6110.6234,6569.4118,6613029.377,6612880.554
2025-11-27,鞭加,2746.5882,1988.9638,1629.5994,1121.7294,1708.3002,2930.2453,3836.1514,4946.8136,7472.5543,10476.319,10923.8206,12213.9262,14183.3721,13489.5135,13420.0549,14049.6369,14274.7863,13303.8692,12001.5039,13155.5953,10525.4653,8180.949,6144.1831,5337.1279
2025-11-28,肯加,6612214.511,6611379.432,4321.9143,3456.7049,2594.5949,1962.8049,1386.1298,1104.7334,1257.3659,1311.9354,1402.1263,1728.2403,1804.9123,1835.9042,2078.6762,2438.3761,3042.1214,3791.5217,4737.4977,5707.4325,97621.0337,6914.2446,7027.2334,6856.4943
2025-11-28,鞭加,3114.877,2348.6947,1849.2693,1378.6257,1668.6569,2980.7708,3902.2259,6114.8878,7768.6151,12273.9121,13104.5537,13759.1411,14614.9028,15835.0972,16451.1942,15835.3975,15783.9005,15004.08,13498.4931,14445.4097,13054.0267,10360.4318,9030.0988,7466.7696
2025-11-29,肯加,6332.6546,5572.7033,4619.6132,3658.5325,2847.9795,2185.2051,1682.2562,1462.4293,1493.5541,1639.8816,1723.4322,1856.5461,1906.0846,2033.602,2235.5433,2505.4759,2842.2946,3216.8884,3819.9622,4389.1046,4937.9146,5467.1089,35877.9417,5584.3526
2025-11-29,鞭加,5692.8443,4071.6787,3375.7869,2961.5567,3697.2853,4741.0048,5331.1352,7789.6469,9575.0015,11620.0864,13834.7263,15353.449,15529.7446,15698.6323,15615.0418,14707.7208,14263.6363,13414.9417,11589.3331,11114.4845,9389.2458,7294.5819,6546.3655,6048.2098
2025-11-30,肯加,5058.0048,4410.9107,3819.0956,3152.701,2428.014,1872.024,1538.0219,1176.2216,1141.3086,1213.3067,1382.3705,1642.1079,1865.1788,2044.4957,2235.4551,2586.0155,2917.0002,3354.7416,4050.3902,4685.2596,5153.3385,5391.0264,5511.2492,5177.9442
2025-11-30,鞭加,4563.1336,3500.8665,3015.8358,2418.8812,2838.0483,3215.3786,4423.7358,6045.6749,8533.0531,10507.5031,11975.6736,12164.7948,15414.2502,13983.5032,13867.7205,13825.0521,12905.1034,11844.5852,10038.507,10139.0702,8695.9398,6802.9341,6410.0155,5309.37
2025-12-01,肯加,4507.007,3814.7249,3109.2441,2375.6154,1802.9936,1330.2129,1000.8928,815.1081,911.945,1252.469,1332.1304,1489.7644,1523.7236,1504.0749,1601.7473,1932.9215,2523.2979,3514.3378,4663.2189,5699.891,6158.4541,6532.5815,6650.0415,6281.1396
2025-12-01,鞭加,3868.2135,3449.2924,2497.0834,2117.3709,3092.0436,3776.1191,4839.323,6879.6248,8500.3073,11632.6647,12564.1602,13410.802,14931.3815,14713.166,13674.141,12720.4356,13549.3779,14072.7724,11837.4581,12246.0292,9062.4648,7954.6588,7493.7005,5634.5519
2025-12-02,肯加,5503.8196,4543.3938,3567.9155,2755.8809,2047.8018,1536.3678,1213.1574,972.9636,970.2371,1227.4973,1295.333,1488.0702,1591.3805,1697.6638,1796.9512,2278.0456,2887.461,3744.5427,4930.1811,6085.6964,6619.8171,7108.7497,41865.8582,7204.6063
2025-12-02,鞭加,3874.1337,3142.6463,2790.235,2380.17,2730.0162,3873.2947,4359.1316,6409.3331,8798.8305,10910.2137,11099.181,13418.9924,15744.8942,14045.595,13517.4604,13197.5556,13436.9868,14156.9822,12814.7848,12747.6568,10366.9773,8760.0427,7477.9243,6151.6744
2025-12-03,肯加,6373.19,5351.3143,4285.8275,3326.003,2446.1899,1722.1047,1244.1903,981.2974,975.8179,1303.5933,1520.4383,1814.8165,1989.9506,2098.7049,2118.5434,2651.3114,3347.4108,4319.8468,5472.4253,6873.0559,7407.9533,7794.8757,7856.9979,7444.0019
2025-12-03,鞭加,3617.6012,2279.9558,1466.8302,1242.3274,1814.5389,2658.4711,3885.5617,6517.3427,8129.4862,11724.9119,13791.8237,15490.1259,18097.19,14258.6748,16271.5446,16901.6276,16535.5166,15972.1968,14187.3773,14062.7703,12162.803,9805.5289,8193.4141,7146.0942
2025-12-04,肯加,6679.5958,5653.3805,4504.5305,3637.2558,2846.1158,2089.5958,1538.8359,1239.2012,1249.329,1453.0492,1671.9399,1867.3744,7279954.015,7279936.417,7279858.715,7280397.525,3151.421,4078.749,5459.6533,41027.1448,7038.4641,7420.4633,42119.3848,7617.2201
2025-12-04,鞭加,4387.6227,3325.5028,2152.6424,1234.9154,1950.3762,3347.9953,3951.7563,6377.4374,8922.1481,12792.0473,13940.0205,16550.9437,19099.0255,16935.0764,15984.0784,16779.581,16713.7809,15735.5877,14620.2747,13394.7432,11621.0606,8429.1711,7165.278,6301.191
2025-12-05,肯加,6978.2264,5955.5794,4864.1053,3759.9462,2860.4245,2080.036,1466.8288,1150.261,1126.1682,1474.8237,1704.9064,2042.5287,2189.5982,2246.4428,2226.6128,2534.2656,3077.8872,3962.4966,5186.9473,6209.1424,6718.1283,6928.2458,41784.746,7148.5888
2025-12-05,鞭加,4228.0556,3325.4796,2226.0812,1247.9725,1778.4525,2693.7437,3932.355,6057.3513,9262.5587,13018.177,14197.819,15662.1865,17833.5919,16804.2186,16027.4647,16132.5707,16079.908,14965.3736,12742.2921,13766.5642,11292.0115,10724.9175,8073.6667,6539.3765
2025-12-06,肯加,6514.7222,5681.5028,4883.0527,3879.1994,2989.1892,2178.9592,1588.3604,1295.7847,1353.057,1436.453,1672.1491,1806.2986,2077.4712,2263.5192,2500.3415,2776.3215,2956.2289,3287.3168,3797.9156,4419.5734,4979.803,5313.5632,127722.9073,5568.6553
2025-12-06,鞭加,4261.872,3009.1134,2184.2654,1647.7287,1805.8477,2498.853,4091.3048,5698.5882,7127.4639,11706.0132,13011.4854,13550.0579,14055.8394,14535.5777,15346.8335,13425.06,13138.8865,11859.2709,10442.6677,9553.8892,8321.7791,7378.362,5680.0543,4142.223
2025-12-07,肯加,5143.9376,4491.7373,3810.8073,3121.4584,2451.9949,1857.7139,1442.5574,1152.6117,982.5687,1050.9032,1298.5982,1682.6673,2020.2967,2222.3569,2489.2494,2783.6758,3125.1771,3670.5949,4585.9651,5141.2718,5440.3693,5642.8018,5686.0125,5204.67
2025-12-07,鞭加,2600.5264,2047.8098,1573.3998,1448.0398,1537.7829,1996.753,2940.6962,5066.2731,6746.6305,9301.8999,10873.9921,11871.443,11992.6827,12389.323,12360.6514,12068.5073,11661.0292,10004.7119,9297.6164,7861.0641,6747.1874,5875.5299,4684.0267,4019.1544
2025-12-08,肯加,4506.368,3865.548,3062.1027,2347.2983,1752.1203,1205.508,936.311,825.3908,888.0541,1143.2842,1390.7932,1617.8638,1736.6316,1678.5914,1764.4346,2129.9973,2767.5785,3682.4456,4628.2922,5575.7066,6157.7009,6633.5657,6787.7689,6483.6279
2025-12-08,鞭加,1978.5323,2054.9046,1520.9468,1132.6399,1641.0678,2469.657,3399.6465,5089.8093,7209.7495,10566.2559,11823.6256,12308.5706,15027.9994,14074.5761,13731.529,12814.0193,13589.0555,15500.2186,19968.7688,44755.0362,39066.7411,8602.4083,6201.0037,4866.6095
2025-12-09,肯加,5900.0557,4909.381,3949.2261,3059.2097,2346.0133,1677.2393,1202.0828,1044.1895,978.9728,1148.2798,1368.9101,1618.4288,1752.9263,1729.4334,1756.4697,2293.7632,3159.9643,4072.2096,4918.4607,5985.2812,6417.046,6805.838,7077.0825,6748.2805
2025-12-09,鞭加,2701.341,2192.1188,1513.6232,1123.0332,1950.7941,2765.6233,3592.1823,5228.1233,7095.6132,11267.5637,13247.8437,13910.2418,15106.1374,14422.0245,14260.3662,13531.53,14630.3857,14006.2994,11788.8475,11634.7363,11389.9589,28308.5845,6397.0238,18120.7222
2025-12-10,肯加,6094.5543,4987.682,4057.7085,3245.8295,2434.7296,1743.5358,1313.4985,1093.1966,1089.2142,1306.9199,1454.3879,1621.7156,1729.379,1726.3392,1783.0892,2193.3063,3013.0647,3825.4772,4723.7554,5647.1254,6030.1012,6268.9568,6536.2435,36550.9388
2025-12-10,鞭加,168023.7858,168401.4811,168237.0158,168758.9364,164603.3383,29411.6256,3709.2047,5700.5159,7366.6759,11580.4547,13104.1589,14079.6599,15299.7325,15042.1518,14443.8761,13364.8328,13238.0424,12821.7788,12263.517,10335.2659,48915.1345,64577.7745,5522.0707,31548.1719
2025-12-11,肯加,5654.021,4700.1731,3848.3651,3048.9285,2317.8871,1709.573,1333.2198,1133.8499,1124.1963,1325.1487,1482.1658,1539.9866,1618.1153,1654.9935,1733.058,2168.5084,2835.5059,3708.6122,4834.889,5826.2331,6400.6708,6632.1563,41487.3953,6629.9415
2025-12-11,鞭加,164413.1898,162352.2912,162853.9856,162516.7824,164549.9475,164885.2958,164875.7113,29358.6014,7153.7171,10358.961,11465.774,13246.9028,14545.9707,12971.1347,13746.2812,13063.4019,14327.5708,14061.4441,11934.3221,11736.0725,43326.0037,156304.2882,28462.6061,4888.4816
2025-12-12,肯加,6019.8645,4994.4458,4110.7462,3239.0888,2514.1748,1894.2346,1425.182,1197.1618,1107.6767,1394.6479,1523.0806,1800.456,1901.3635,1898.7361,2086.5746,2480.4113,3005.1244,3593.9559,4553.9187,5712.3236,6280.7869,6644.6747,6998.7569,6851.1387
2025-12-12,鞭加,3645.1803,147944.7079,219375.6104,211106.2197,210725.7328,213607.7497,225219.8978,223992.1786,13997.3981,12642.3314,12168.126,13355.1619,16362.385,16228.0663,15835.7391,15161.1465,14793.261,12661.6232,11664.8184,11227.2231,9584.2713,68258.5496,7295.7076,5108.3028
2025-12-13,肯加,6365.9942,5494.1439,4637.3969,3721.2403,2800.1917,2168.4142,1651.9994,1298.068,1110.551,1280.8403,1481.6684,1779.3278,2060.9257,2334.6021,2549.4054,2858.7461,3159.8451,3626.6439,4223.5675,4782.6033,5135.7936,5453.3637,36066.6368,5470.6359
2025-12-13,鞭加,130893.0761,196457.4499,188815.918,189364.2,199850.3188,79700.3487,3608.1565,5538.7765,7432.204,10336.0312,11139.7635,11802.1926,12916.9728,12915.5994,13009.0999,12397.1694,12482.9621,10560.7253,9844.4935,9336.4487,7732.6291,36625.6804,5495.0399,5984.4594
2025-12-14,肯加,5049.6326,4371.4726,3669.8667,3016.2209,2455.224,1931.9432,1516.361,1289.689,1169.2269,1304.7257,1374.4112,1692.1377,1956.9016,2317.6236,2625.0379,3007.0332,3529.8221,4137.5612,4770.9546,5239.2629,5649.8709,5890.1606,71096.6979,5665.0269
2025-12-14,鞭加,3392.9923,192572.8966,232438.8843,235923.3543,227267.8285,114326.4149,2783.6914,4790.0553,6167.7297,8875.5444,11566.086,13043.1228,12729.3479,13935.2992,14084.6056,13193.7644,14242.6101,12342.071,11077.952,9562.8888,7784.4765,128775.8741,5495.2313,4522.5327
2025-12-15,肯加,5021.0577,4111.3702,3311.7145,2614.4895,1943.1638,1444.6748,1121.1876,986.513,1046.9838,1373.0912,1631.6107,1916.1198,1954.0158,1751.0431,1755.2108,2333.3274,3012.5761,3815.9607,4966.1046,5991.5383,6518.002,6693.5658,6763.8727,6394.8299
2025-12-15,鞭加,33653.5728,253590.6817,254209.9907,245663.4012,252610.0343,233192.0168,252056.1517,76248.7358,7247.8992,11772.7383,13628.5208,14687.1399,16163.8458,14265.6315,14253.4388,15659.4774,14992.6505,14147.0785,12455.9733,11636.7423,10282.4517,70405.1652,6959.6913,19263.4948
2025-12-16,肯加,5697.9909,4795.0559,3879.2378,3047.4404,2293.5836,1700.5465,1238.1259,969.948,1052.1004,1349.1273,1447.7989,1669.5358,1715.5722,1594.491,1697.8427,2293.6649,3090.0266,3917.8895,4931.4331,5803.3512,6327.5624,6727.8721,6925.3032,6960.1686
2025-12-16,鞭加,199540.0994,193896.8561,197809.2377,190633.3762,191180.1621,190460.1314,199341.4286,156074.3033,434788.3225,10570.5603,12616.3521,14234.074,14882.758,13796.9525,14378.6846,13458.766,14986.1271,12848.6903,12078.5856,11634.3397,33799.1572,65555.7482,6390.0867,4344.8087
2025-12-17,肯加,6234.8363,5225.2477,4185.4977,3343.9425,2495.2804,1699.15,1091.8277,817.5306,900.1882,1238.6401,1353.938,1616.4199,1744.6873,1861.6522,2038.3519,2365.3399,2926.8348,3631.3125,4790.3213,5629.9762,6133.2592,6558.6885,6999.2973,6810.3216
2025-12-17,鞭加,146311.9034,149636.5116,145488.2227,149291.4607,152217.0383,150188.1247,150008.3036,151969.7127,15680.3105,9648.1509,11632.349,12636.1538,14733.2223,14053.7816,12515.0836,12764.4518,14167.9449,12947.1509,13098.4521,11261.3529,23330.1478,144964.1507,6226.2609,4473.2662
2025-12-18,肯加,6124.2276,5225.5115,4262.5388,3321.1898,2615.6778,1909.3204,1426.5121,1084.3729,1055.8707,1178.2323,1297.2792,1613.9882,1717.9465,1625.7791,1775.4497,2248.4999,3059.9073,3974.0314,57749.1429,5781.2315,6397.7845,6718.3896,41780.0772,6870.7559
2025-12-18,鞭加,114798.0559,213648.2633,211889.1159,210228.0329,214301.4538,78583.7114,4148.5751,5849.5592,7833.6699,11039.1851,13417.9694,13542.5628,15466.9193,13413.3804,13847.6294,12763.3659,14137.5489,13943.5352,12028.5888,11703.0872,10086.5983,79509.2206,6912.9247,5487.0002
2025-12-19,肯加,6276.4696,5291.5776,4391.0136,3438.4496,2641.5013,2009.5739,1443.9443,1278.226,1170.2503,1417.4264,1680.8935,1762.7903,1792.4362,1910.1298,2013.826,95252.4857,2881.8977,3581.2598,4489.0223,5463.0622,5986.0246,6325.5565,6611.2368,6544.5589
2025-12-19,鞭加,141440.8853,160720.1432,162868.9258,159948.1127,160992.0901,74092.8894,4122.5497,6172.115,7907.9213,11319.3554,13123.6802,14336.9486,15702.0165,15192.0567,14039.0893,14554.9996,13949.5853,13399.6726,11573.0735,11177.5442,39792.9471,45702.081,6031.7596,5588.2694
2025-12-20,肯加,5970.545,5301.2462,4438.6192,3630.9985,2930.871,2320.7814,1830.495,1482.3756,1301.6553,1318.3462,1598.6145,1827.3021,1977.8146,2218.1622,2435.5944,2611.299,2779.7722,3064.8823,3540.0396,4097.2843,4548.8254,4949.1278,5214.5015,5170.804
2025-12-20,鞭加,117816.5215,151406.2481,143912.5857,145403.492,150195.5071,147792.2432,130159.4889,5080.8246,7000.1046,8810.1693,9961.1893,11466.6625,11728.3492,11998.2132,12362.2099,12548.4267,10551.3229,10087.5557,8262.8602,8580.3163,46552.9329,32113.1651,4617.7797,8758.4522
2025-12-21,肯加,4859.3849,4384.2927,3695.8793,3087.3207,2426.3647,1950.7139,1548.0669,1324.3262,1253.9208,1341.6523,1561.0675,1778.6881,2071.0781,2462.063,2697.0348,2999.7639,3276.231,3721.9555,4390.0519,4965.4573,5397.6192,5654.3703,5776.6584,5515.0474
2025-12-21,鞭加,164588.8859,156698.5149,161083.4414,162079.2137,163050.9971,159810.8324,165409.6165,51788.552,5651.7053,8001.1265,10412.4555,12186.7134,11834.3481,12468.5197,12971.5871,12198.8923,13079.1173,11804.814,11045.4034,9527.9324,8435.6723,25588.0984,5384.6147,3934.5944
2025-12-22,肯加,4882.1007,3986.9471,3232.8111,2570.728,1996.545,1476.9686,1092.3031,918.7376,986.4798,1276.9338,1453.4216,1782.9806,1930.5397,1917.5448,2033.746,2425.7435,2931.4707,3933.9287,4966.9689,5856.5143,6440.4877,6833.3192,41791.1592,6744.4156
2025-12-22,鞭加,192083.961,228012.3822,216241.1714,225053.3214,225639.1869,94746.1326,3402.4002,5401.7958,8212.3998,12397.9879,13058.6651,15017.4146,17578.7422,17239.4626,16294.886,14623.8145,14551.0451,13495.4623,12885.6937,12138.9057,9737.5468,49914.6065,6112.8425,45581.0246
2025-12-23,肯加,5989.5298,5138.4745,4174.2504,3268.3515,2523.2691,1960.651,1565.0489,1225.4287,1148.028,1303.7745,1503.7745,1813.8022,1877.1138,1962.2654,2066.9496,2527.4129,3142.6082,3995.5191,4858.229,5736.4727,99598.6187,6788.3653,41822.0047,6736.7647
2025-12-23,鞭加,178335.157,176203.091,174302.358,174821.4571,174176.5984,177755.9399,175338.5815,177616.6968,13209.1217,10989.662,12684.8448,14065.2317,16135.6487,14352.2665,15118.0684,14275.3765,13923.2465,12087.4095,11443.5772,11271.213,9403.5554,77741.6751,6328.7174,51187.7982
2025-12-24,肯加,6074.3539,5194.2412,4257.5761,3471.017,2639.0826,1889.8748,1310.842,969.4634,1076.0056,1393.242,1677.3129,1955.5929,2151.1945,2066.4701,2210.087,2705.9975,3241.1616,4177.349,4908.5782,5881.9628,6381.1728,6826.6019,7010.1867,6868.9076
2025-12-24,鞭加,137557.3315,136359.1392,139109.8518,134812.1332,140291.6809,2992.8045,3630.7068,5345.8156,8362.2459,11068.7169,12760.184,14824.8553,15430.3217,14729.6354,16090.6782,16514.2602,14552.4453,13838.0723,11636.8099,11076.753,23782.3677,43232.7254,7095.0912,5329.2097
2025-12-25,肯加,6318.306,5479.999,4582.31,3641.9881,2810.4781,2165.8682,1647.1349,1242.0106,1159.1248,1228.9141,1442.5801,1532.2086,32393.8597,2006.4892,2319.7107,2676.8279,3108.9344,3677.9311,4661.407,5083.6703,5544.4898,5991.6146,6154.9802,5828.0094
2025-12-25,鞭加,3249.451,2195.4533,117951.3099,261625.1549,258916.8022,70509.2668,3608.4463,4701.49,6645.2849,8137.6843,10247.3229,11706.8721,12344.7545,12483.8245,13457.3454,12307.3196,12452.6056,11689.6089,10475.4876,10406.1026,8532.4882,109342.5798,5609.4766,4692.3883
2025-12-26,肯加,5225.1331,4402.2841,3604.3372,2893.6762,2235.0287,1693.5251,1357.4189,1209.3726,1352.4651,1682.7442,1899.3312,2149.6709,2249.0038,2268.1661,2394.5195,2766.5103,3334.0009,4135.5158,5220.201,6282.4396,7005.5801,7378.4774,7529.5704,7255.7326
2025-12-26,鞭加,3198.3914,213096.6264,237838.4359,240137.0142,241863.9071,134196.8084,3803.406,5649.8369,8078.5542,13424.4681,15628.8806,17152.6379,19529.9491,18741.1098,18368.5303,18718.9102,17803.2044,15949.8969,15114.6476,14661.6065,12246.8886,75523.5107,7897.0964,6108.5413
2025-12-27,肯加,6716.5531,5835.4016,4763.6693,3724.3048,3001.3497,2314.16,1684.2363,1217.27,1115.0282,1414.4034,1682.3402,1901.505,2146.3342,2359.9064,2618.3936,2892.3603,3184.853,3780.5698,4464.0363,5026.1728,5305.9119,5601.4921,5844.7839,36423.1701
2025-12-27,鞭加,149722.0198,220741.0388,216510.8661,204466.6366,75792.0471,3175.168,4151.283,5582.8814,7259.9363,10921.3489,12177.8785,14143.1021,16636.3049,15007.8127,15317.7424,15785.6004,13524.7479,11901.9575,10842.1314,9651.1575,16494.18,67737.9651,5549.1226,53434.7112
2025-12-28,肯加,5260.3103,4653.5463,3908.5868,3364.1752,2661.7972,1967.7107,1554.7398,1287.9313,1151.8398,1223.2163,1440.9829,1770.1576,2010.648,2370.3149,2641.9932,2919.9424,3373.3209,3947.3126,4541.232,5079.5968,5408.2558,5574.9258,5530.8795,5143.2929
2025-12-28,鞭加,196123.6788,195366.6249,200075.3437,196951.6541,200839.0323,50315.0415,3160.7899,4480.9118,6250.0157,9165.793,10300.2407,12723.2887,12678.7708,12743.3177,12250.0404,12937.4047,12041.7513,10186.3684,9188.5049,9193.6303,28053.1316,116985.8774,5507.8772,3852.8439
2025-12-29,肯加,4615.1229,3968.9029,3138.8668,2326.2534,1786.1734,1345.8654,938.5824,741.535,859.8279,1118.4561,1258.1438,1475.2562,1687.834,1766.1468,1775.3907,2212.7421,3074.1812,3806.7751,4621.0686,5401.3863,5873.2063,6257.1044,41457.6176,6193.6963
2025-12-29,鞭加,51655.3619,177352.1973,184497.8099,180507.671,187132.9591,186245.6648,184198.3089,172351.5724,7205.1612,10845.4165,12072.4638,12369.313,14863.2641,14622.214,14626.6862,13805.0011,12805.9487,12265.835,10888.5319,10371.8625,28302.1305,47803.103,5436.7877,5209.3454
2025-12-30,肯加,5464.1273,4634.834,3741.1653,2998.5163,2399.5563,1809.8074,1349.5844,1046.4598,1036.5896,1187.6287,1440.8237,1608.5464,1663.5741,1717.3432,1863.2043,2377.2404,3088.9871,3878.5045,4994.3452,5840.8642,6256.9832,6534.9357,41757.3922,6812.3183
2025-12-30,鞭加,138971.467,155076.4127,149366.4979,150900.6249,153292.6982,145943.6538,140635.1454,10435.18,6870.5755,11263.8172,11503.8705,12966.6942,14783.6148,14401.2235,13838.2372,13622.5479,13992.8639,13853.213,11758.7311,12109.0197,10209.5017,60386.868,6717.9228,4931.2829
2025-12-31,肯加,6065.8963,5252.64,4312.0126,3495.4138,2825.3664,2083.5525,1571.0345,1336.6984,1242.0588,1493.6456,1651.3817,1943.224,2119.4553,2243.7056,2708.4579,3065.1011,3530.7739,4141.2027,4989.4967,6026.4186,6671.5576,6903.5955,7106.431,6904.4681
2025-12-31,鞭加,138861.4165,154964.6025,160988.8116,158511.5445,157040.3345,161683.982,161270.0018,116819.6924,7658.5295,11164.6065,12092.7404,14417.8646,16475.9465,17197.3661,15936.3421,15899.0582,16055.2286,14635.8181,12744.3443,13062.6371,11239.7963,11557.3358,7831.2469,6092.618
